inst,group,lrc_dev,sharpe,sharpe_gross,cagr,exposure,inside_pct,trades,win_rate,avg_bars,max_bars,long_trades,short_trades,long_pnl,short_pnl,both_band_bars,bars,start,end
NIFTY,NSE 1h index,0.5,-1.630680527380856,-1.2064279743140283,-0.09810498089611272,0.16837160293278308,0.22794924704746017,345,0.5072463768115942,11.115942028985508,61,175,170,-0.4508369727205423,-0.6953879942767539,1,22777,2009-12-21,2023-02-28
NIFTY,NSE 1h index,1.0,-1.8236002818397794,-1.204462290584232,-0.13796014185741876,0.29358563463142645,0.4797383325284278,645,0.5488372093023256,10.367441860465116,61,331,314,-0.6004789584209309,-0.9677756896754645,2,22777,2009-12-21,2023-02-28
NIFTY,NSE 1h index,1.5,-1.8013311312588591,-1.0557759501744692,-0.1610204038462769,0.4085261447951881,0.7178732932344031,924,0.5638528138528138,10.07034632034632,61,474,450,-0.6207072809990852,-1.1435517692592028,2,22777,2009-12-21,2023-02-28
NIFTY,NSE 1h index,2.0,-1.7951475914006054,-0.9823485034684168,-0.1801140703982799,0.49519251876893355,0.9034113359968389,1139,0.568920105355575,9.90254609306409,61,575,564,-0.6564726489370671,-1.283528851324684,4,22777,2009-12-21,2023-02-28
NIFTY,NSE 1h index,2.5,-1.839540126754026,-1.0473573110480956,-0.1973147827305296,0.518329894191509,0.9658866400316108,1197,0.5714285714285714,9.862990810359232,61,605,592,-0.8107244565992837,-1.3638239664052274,4,22777,2009-12-21,2023-02-28
NIFTY,NSE 1h index,3.0,-1.8336054701001128,-1.0389975719370972,-0.19741603213470385,0.5206568029152215,0.9810774026430171,1205,0.5726141078838174,9.84149377593361,61,612,593,-0.7845203383090653,-1.3870414247388592,4,22777,2009-12-21,2023-02-28
BANKNIFTY,NSE 1h index,0.5,-1.2763529879943825,-0.9821452715624883,-0.11107557236429738,0.1562555694172162,0.23231153092140439,338,0.5414201183431953,10.375739644970414,51,176,162,-0.3585810133746924,-0.931432010184108,2,22444,2010-03-02,2023-02-28
BANKNIFTY,NSE 1h index,1.0,-1.2705653256536518,-0.8485466471839759,-0.14889311027898394,0.29317412225984674,0.49193548387096775,657,0.5722983257229832,10.015220700152208,51,334,323,-0.4585515350320505,-1.1864547551858236,3,22444,2010-03-02,2023-02-28
BANKNIFTY,NSE 1h index,1.5,-1.2847399799376724,-0.7787614253830657,-0.17599437718506605,0.40531990732489753,0.7326234182855106,928,0.59375,9.80280172413793,51,471,457,-0.32334801118688444,-1.5646303008799451,7,22444,2010-03-02,2023-02-28
BANKNIFTY,NSE 1h index,2.0,-1.407733720595099,-0.8684980683063827,-0.21197395700659621,0.48106398146497953,0.8985029406522902,1109,0.5996393146979261,9.735798016230838,57,571,538,-0.4790492828894291,-1.8570485297729207,6,22444,2010-03-02,2023-02-28
BANKNIFTY,NSE 1h index,2.5,-1.3628814842117731,-0.8171823146478605,-0.2162017039700615,0.506683300659419,0.9589199786134379,1180,0.6033898305084746,9.63728813559322,57,600,580,-0.43691129904447923,-1.915222232454501,6,22444,2010-03-02,2023-02-28
BANKNIFTY,NSE 1h index,3.0,-1.3951500763265692,-0.8486585745195804,-0.22208722390705948,0.5114507217964712,0.9790144359294244,1191,0.6020151133501259,9.638119227539882,57,605,586,-0.45161537334353025,-1.9887483036078355,6,22444,2010-03-02,2023-02-28
RELIANCE,NSE 1h stock,0.5,-1.4216946536683908,-1.130668256957485,-0.14606339983829636,0.1728058635594813,0.2632024055628641,190,0.531578947368421,9.678947368421053,47,90,100,-0.22165412963966402,-0.6087005002672488,0,10642,2017-01-02,2023-02-28
RELIANCE,NSE 1h stock,1.0,-1.8284880765507878,-1.4114253504450573,-0.22550235558875123,0.3039842134937042,0.4968051118210863,343,0.5801749271137027,9.431486880466473,51,163,180,-0.45962222313125006,-0.8680071153547397,0,10642,2017-01-02,2023-02-28
RELIANCE,NSE 1h stock,1.5,-2.053895602729791,-1.5952699545649285,-0.3042432704585095,0.41054313099041534,0.7017477917684646,474,0.5675105485232067,9.217299578059071,51,224,250,-0.7184687552793277,-1.1631413326501008,0,10642,2017-01-02,2023-02-28
RELIANCE,NSE 1h stock,2.0,-2.150841507964959,-1.6592846348300356,-0.34756760566591893,0.4946438639353505,0.8671302386769404,569,0.5553602811950791,9.251318101933217,51,272,297,-0.8015758115416395,-1.4007025767848085,0,10642,2017-01-02,2023-02-28
RELIANCE,NSE 1h stock,2.5,-2.0339389807518145,-1.5251796810313298,-0.34065653178750027,0.5185115579778237,0.9449351625634279,605,0.5652892561983471,9.120661157024793,51,292,313,-0.6818083928868359,-1.432263696470395,0,10642,2017-01-02,2023-02-28
RELIANCE,NSE 1h stock,3.0,-2.093480476671405,-1.5873624020129447,-0.35226353877317834,0.5222702499530163,0.9625070475474535,610,0.5639344262295082,9.111475409836066,51,295,315,-0.7679422265627931,-1.448313883895798,0,10642,2017-01-02,2023-02-28
HDFCBANK,NSE 1h stock,0.5,-0.9042499918057757,-0.535489398426843,-0.08628596768503154,0.1595714688469129,0.26275725965604735,213,0.6197183098591549,7.971830985915493,48,110,103,-0.06670074718805541,-0.3480353456160879,2,10641,2017-01-02,2023-02-28
HDFCBANK,NSE 1h stock,1.0,-1.221553669908401,-0.7524031629207455,-0.1659369036564354,0.30805375434639604,0.5411145569025467,401,0.6109725685785536,8.174563591022444,51,192,209,-0.06819805368945286,-0.7735164103527505,5,10641,2017-01-02,2023-02-28
HDFCBANK,NSE 1h stock,1.5,-1.2743423052607714,-0.7166455147472645,-0.1900614916420636,0.3909407010619303,0.7592331547786862,529,0.6049149338374291,7.863894139886578,51,263,266,-0.18301892243034584,-0.7592592833512469,5,10641,2017-01-02,2023-02-28
HDFCBANK,NSE 1h stock,2.0,-1.118647923045097,-0.5373765463455296,-0.1886046246894163,0.44892397331077905,0.8907057607367729,613,0.6150081566068516,7.792822185970636,51,309,304,-0.03486865937545219,-0.8371362741862599,6,10641,2017-01-02,2023-02-28
HDFCBANK,NSE 1h stock,2.5,-1.2216455554638155,-0.6586480383684974,-0.21660567539558293,0.46734329480312004,0.9462456536039846,636,0.6147798742138365,7.819182389937107,51,321,315,-0.12953066182773204,-0.9308196967611521,6,10641,2017-01-02,2023-02-28
HDFCBANK,NSE 1h stock,3.0,-1.2583286505205153,-0.6997184586710427,-0.22520060694285773,0.47185414904614226,0.9612818344140588,641,0.6131045241809673,7.8330733229329175,51,323,318,-0.16073966221055608,-0.9607925613654331,6,10641,2017-01-02,2023-02-28
ICICIBANK,NSE 1h stock,0.5,-0.27288653398439366,0.018260761557906704,-0.035109726054742135,0.13032428585951,0.2199857680187049,179,0.6256983240223464,7.162011173184357,31,89,90,0.10506355490743596,-0.1833741629294835,0,9837,2017-06-21,2023-02-28
ICICIBANK,NSE 1h stock,1.0,-0.045727948637349594,0.3319995241588076,-0.01909199098395605,0.2518044119142015,0.4727050930161635,331,0.6283987915407855,7.483383685800605,49,170,161,0.3116230469309511,-0.18668078265956184,0,9837,2017-06-21,2023-02-28
ICICIBANK,NSE 1h stock,1.5,-0.058894179097971934,0.37538141782145384,-0.0280737653302133,0.3613906678865508,0.7050930161634644,456,0.6359649122807017,7.796052631578948,49,220,236,0.459535266868105,-0.293871727095227,2,9837,2017-06-21,2023-02-28
ICICIBANK,NSE 1h stock,2.0,0.003854050560397214,0.46548502993169666,-0.02180039966667628,0.43112737623259123,0.8697773711497407,554,0.6353790613718412,7.655234657039712,49,281,273,0.718937397906813,-0.4378117300731254,2,9837,2017-06-21,2023-02-28
ICICIBANK,NSE 1h stock,2.5,-0.1495397429122798,0.3122567236086066,-0.05721705329718782,0.45430517434177087,0.9337196299684863,583,0.6226415094339622,7.665523156089193,49,290,293,0.7493493788666079,-0.6470811446209827,2,9837,2017-06-21,2023-02-28
ICICIBANK,NSE 1h stock,3.0,-0.20203609981256324,0.24050117259814147,-0.07384191043254719,0.46304767713733863,0.9572023991054183,593,0.6205733558178752,7.681281618887015,49,296,297,0.6782306994634854,-0.6528513587503395,2,9837,2017-06-21,2023-02-28
INFY,NSE 1h stock,0.5,-0.5022612289565498,-0.17690646412771727,-0.05878731445107863,0.16885923698552904,0.2458184551775982,216,0.5324074074074074,8.319444444444445,35,98,118,-0.1398300540704237,-0.08517889443885351,0,10642,2017-01-02,2023-02-28
INFY,NSE 1h stock,1.0,-0.02279729632684828,0.46641697833866297,-0.011990848317721528,0.29252020296936665,0.5055440706634091,400,0.6125,7.7825,42,180,220,0.15913508726366865,0.021741704088246494,2,10642,2017-01-02,2023-02-28
INFY,NSE 1h stock,1.5,-0.31270967343646483,0.25643465976674895,-0.05999762272978179,0.3985153166697989,0.7503288855478294,547,0.6014625228519196,7.753199268738574,42,248,299,0.15033280737691312,-0.1777307690047087,3,10642,2017-01-02,2023-02-28
INFY,NSE 1h stock,2.0,-0.4937045804028901,0.08115345409007468,-0.09990655193607118,0.4638225897387709,0.8884608156361586,630,0.6,7.834920634920635,42,285,345,0.09169665147744827,-0.3178691604224267,3,10642,2017-01-02,2023-02-28
INFY,NSE 1h stock,2.5,-0.6451977841544956,-0.07629376693497435,-0.13114761743118167,0.4862807742905469,0.937793647810562,657,0.6027397260273972,7.876712328767123,53,299,358,-0.2129041530082066,-0.2035858142803032,6,10642,2017-01-02,2023-02-28
INFY,NSE 1h stock,3.0,-0.5634124532967516,-0.0006014580061966677,-0.11988522068624524,0.4893816951700808,0.957150911482804,662,0.6027190332326284,7.867069486404834,53,300,362,-0.2148180165934308,-0.11688850987772292,6,10642,2017-01-02,2023-02-28
TCS,NSE 1h stock,0.5,-0.5869807250338054,-0.2765660832555548,-0.05638097373769808,0.12958090584476603,0.22552151851155797,173,0.6127167630057804,7.971098265895954,49,90,83,0.06333423194267418,-0.3040992720296439,2,10642,2017-01-02,2023-02-28
TCS,NSE 1h stock,1.0,-0.9548199260270631,-0.4954761022589168,-0.1176295670861766,0.26226273256906596,0.46119150535613607,344,0.6017441860465116,8.113372093023257,49,168,176,-0.005302231755553111,-0.5375296260731546,5,10642,2017-01-02,2023-02-28
TCS,NSE 1h stock,1.5,-0.788175582389966,-0.1941529585891583,-0.11872632861868694,0.3748355572260853,0.7133997368915618,530,0.6094339622641509,7.526415094339622,49,258,272,0.03343930540277129,-0.47154593485265195,6,10642,2017-01-02,2023-02-28
TCS,NSE 1h stock,2.0,-0.7459291327408437,-0.0999199085248303,-0.12569599143754526,0.44690847585040405,0.8808494643863936,638,0.6159874608150471,7.454545454545454,49,304,334,0.11312957173395954,-0.530737114218581,8,10642,2017-01-02,2023-02-28
TCS,NSE 1h stock,2.5,-0.6820370647600981,-0.028378877515442803,-0.12004286239349453,0.4637286224393911,0.9435256530727307,664,0.6159638554216867,7.432228915662651,49,318,346,0.13437788404457662,-0.49518510849163844,9,10642,2017-01-02,2023-02-28
TCS,NSE 1h stock,3.0,-0.7290377710050528,-0.08171810631078621,-0.129202494391506,0.46588987032512685,0.9610035707573764,669,0.617339312406577,7.411061285500748,49,319,350,0.10718181992635106,-0.5260484267752258,10,10642,2017-01-02,2023-02-28
ITC,NSE 1h stock,0.5,-0.6270616897514145,-0.3157241412225091,-0.06918461260583367,0.15034767900770532,0.2521142642360459,200,0.6,8.0,42,88,112,0.04656689468264985,-0.34826741613949486,4,10642,2017-01-02,2023-02-28
ITC,NSE 1h stock,1.0,-0.9883913470996275,-0.5523730126218904,-0.1392800776645249,0.2800225521518512,0.5392783311407631,376,0.5904255319148937,7.925531914893617,46,176,200,-0.18832276113261792,-0.47408864993863453,6,10642,2017-01-02,2023-02-28
ITC,NSE 1h stock,1.5,-1.1301876033224318,-0.60316185695986,-0.1792072557438766,0.3752114264236046,0.7379252020296937,523,0.5697896749521989,7.634799235181644,46,243,280,-0.48307337096389363,-0.37510516621193546,7,10642,2017-01-02,2023-02-28
ITC,NSE 1h stock,2.0,-1.3232920124799936,-0.7530328269307793,-0.21746669759327897,0.43196767524901336,0.8752114264236046,604,0.5678807947019867,7.610927152317881,46,291,313,-0.4856727465504073,-0.6109429098750432,7,10642,2017-01-02,2023-02-28
ITC,NSE 1h stock,2.5,-1.2376934699220872,-0.6496703789103274,-0.2121316155202753,0.4548956962976884,0.9396729937981583,643,0.5707620528771384,7.528771384136858,46,309,334,-0.3272964902788426,-0.7024052188957144,7,10642,2017-01-02,2023-02-28
ITC,NSE 1h stock,3.0,-1.294324905350719,-0.7048253990411374,-0.2217595428771639,0.46241308024807365,0.9586543882728811,650,0.5723076923076923,7.570769230769231,46,309,341,-0.3982609495779183,-0.7010436367599334,8,10642,2017-01-02,2023-02-28
LT,NSE 1h stock,0.5,-0.016677039227279443,0.31518541688380336,-0.006268211701380642,0.13921447666049763,0.23349784083898828,178,0.6179775280898876,7.606741573033708,34,85,93,0.30726281582002307,-0.22721964879356088,2,9726,2017-07-13,2023-02-28
LT,NSE 1h stock,1.0,-0.22194061156308048,0.22815946331793,-0.0379911669506416,0.2615669339913634,0.4771745835903763,335,0.6119402985074627,7.594029850746269,38,158,177,0.3056912054926606,-0.3034703070056974,3,9726,2017-07-13,2023-02-28
LT,NSE 1h stock,1.5,-0.8064112208400851,-0.3142322786125022,-0.1381416730451284,0.3662348344643224,0.7057371992597162,457,0.6105032822757112,7.794310722100657,38,227,230,0.005393666463115732,-0.5252575942173238,3,9726,2017-07-13,2023-02-28
LT,NSE 1h stock,2.0,-0.57450860271403,-0.03923436040521633,-0.11720419231909406,0.44262800740283775,0.8758996504215505,555,0.6288288288288288,7.756756756756757,38,271,284,0.04062507432474377,-0.3587682730865285,5,9726,2017-07-13,2023-02-28
LT,NSE 1h stock,2.5,-0.8605003749183541,-0.32573434602982443,-0.17082741305666896,0.4626773596545342,0.9432449105490438,581,0.6247848537005164,7.74526678141136,39,282,299,-0.12238263043637898,-0.5215330541366796,5,9726,2017-07-13,2023-02-28
LT,NSE 1h stock,3.0,-0.8914408367236629,-0.3674982169526951,-0.18099724982771653,0.4668928644869422,0.958975940777298,586,0.6228668941979523,7.749146757679181,39,286,300,-0.1978237712322405,-0.5056973832194446,5,9726,2017-07-13,2023-02-28
AXISBANK,NSE 1h stock,0.5,-0.3908128439052533,-0.08718093019125187,-0.053092680047391816,0.15788978747413956,0.28004513823584726,223,0.6457399103139013,7.5291479820627805,45,114,109,0.13886735782592363,-0.31438765538608676,1,10634,2017-01-02,2023-02-28
AXISBANK,NSE 1h stock,1.0,-0.4307167462927422,-0.05302233065401488,-0.08653420613427251,0.29085950724092535,0.5231333458717322,401,0.6334164588528678,7.713216957605985,45,190,211,0.27432247031524204,-0.5310944045958457,1,10634,2017-01-02,2023-02-28
AXISBANK,NSE 1h stock,1.5,-0.496231842863689,-0.05384639631570168,-0.11456936745681431,0.3960880195599022,0.7465676133157796,547,0.6416819012797075,7.70018281535649,45,261,286,0.15475153093230648,-0.49481424509336747,1,10634,2017-01-02,2023-02-28
AXISBANK,NSE 1h stock,2.0,-0.5594118407772449,-0.08050492266624572,-0.13226873968656908,0.45006582659394395,0.8845213466240361,620,0.6306451612903226,7.719354838709678,45,299,321,-0.009581876290978453,-0.4045981439264907,3,10634,2017-01-02,2023-02-28
AXISBANK,NSE 1h stock,2.5,-0.7782742778777603,-0.35265144045108965,-0.20432371663802268,0.47893548993793494,0.9427308632687605,652,0.6303680981595092,7.811349693251533,72,321,331,-0.5048534003877818,-0.3613846057869448,3,10634,2017-01-02,2023-02-28
AXISBANK,NSE 1h stock,3.0,-0.7407055638822619,-0.31856989361975846,-0.2009121309573111,0.4842016174534512,0.9588113597893549,660,0.6318181818181818,7.801515151515152,72,325,335,-0.4629892384751395,-0.3650540298841382,3,10634,2017-01-02,2023-02-28
KOTAKBANK,NSE 1h stock,0.5,-0.18529547895382642,0.13923062036120298,-0.02834352533568858,0.15852283405374928,0.2726931028002255,232,0.6724137931034483,7.271551724137931,41,107,125,0.05320328080786346,-0.06970273698569945,2,10642,2017-01-02,2023-02-28
KOTAKBANK,NSE 1h stock,1.0,0.37815358722792297,0.83817016637568,0.04547347610071531,0.2670550648374366,0.5363653448599888,407,0.6756756756756757,6.982800982800983,41,193,214,0.4789502053571973,0.05984230389378831,2,10642,2017-01-02,2023-02-28
KOTAKBANK,NSE 1h stock,1.5,0.2410130112835378,0.7569675193278689,0.0272322766590317,0.3629956775042285,0.7534298064273632,551,0.662431941923775,7.0108892921960075,41,271,280,0.6302781323482636,-0.09710660155665729,3,10642,2017-01-02,2023-02-28
KOTAKBANK,NSE 1h stock,2.0,-0.17098714342012442,0.36581109521006094,-0.05083480691707443,0.4225709453110318,0.8906220635218944,634,0.6435331230283912,7.093059936908517,41,308,326,0.2924510731444214,-0.17749589007140987,3,10642,2017-01-02,2023-02-28
KOTAKBANK,NSE 1h stock,2.5,-0.2771620886059498,0.2766589271981025,-0.07189787367007507,0.44343168577335085,0.9433377184739711,667,0.6446776611694153,7.074962518740629,41,318,349,0.28096134396458394,-0.281381076077769,4,10642,2017-01-02,2023-02-28
KOTAKBANK,NSE 1h stock,3.0,-0.2406727748015853,0.3186403349270375,-0.0653330962677435,0.4472843450479233,0.9596880285660591,675,0.6459259259259259,7.051851851851852,41,324,351,0.32294419832246224,-0.27600627384213866,5,10642,2017-01-02,2023-02-28
BHARTIARTL,NSE 1h stock,0.5,-0.29909395424248547,0.004187305616695193,-0.04432135198386484,0.15919556432666102,0.274128371393666,231,0.6363636363636364,7.333333333333333,56,107,124,0.23019491297966782,-0.34250763194256373,1,10641,2017-01-02,2023-02-28
BHARTIARTL,NSE 1h stock,1.0,-0.058207411008887856,0.3186442464716878,-0.026141681437213633,0.2823982708392068,0.5129217178836576,411,0.6690997566909975,7.311435523114355,58,195,216,0.5749880389200623,-0.4329865710906573,2,10641,2017-01-02,2023-02-28
BHARTIARTL,NSE 1h stock,1.5,-0.09451173165368007,0.3669739105426398,-0.040210988682403505,0.3822009209660746,0.7349873132224415,581,0.657487091222031,7.0,58,294,287,0.6458441056805546,-0.4743976657812313,3,10641,2017-01-02,2023-02-28
BHARTIARTL,NSE 1h stock,2.0,-0.05114354223837215,0.4475795459756249,-0.03600614679410941,0.4396203364345456,0.8731322244149986,680,0.6573529411764706,6.879411764705883,58,351,329,0.6756512731056721,-0.4054194998951906,2,10641,2017-01-02,2023-02-28
BHARTIARTL,NSE 1h stock,2.5,0.028268448452426872,0.5342284122768457,-0.0211119068012821,0.46386617799079033,0.9464336058641105,728,0.6607142857142857,6.78021978021978,58,371,357,0.7202653649207786,-0.31556468583718383,2,10641,2017-01-02,2023-02-28
BHARTIARTL,NSE 1h stock,3.0,0.05815136593873413,0.5655783959489034,-0.01421247364702587,0.4652758199417348,0.9604360492434921,731,0.6621067031463749,6.772913816689466,58,372,359,0.7400794737722254,-0.29074930692147755,2,10641,2017-01-02,2023-02-28
SBIN,NSE 1h stock,0.5,-0.5507412160980864,-0.31746830550274063,-0.06306538151724791,0.12206352189438076,0.20813756812629206,153,0.5882352941176471,8.490196078431373,31,70,83,-0.1268611200521076,-0.15732707816613262,0,10642,2017-01-02,2023-02-28
SBIN,NSE 1h stock,1.0,-1.13921979128116,-0.8323170723839353,-0.18597768288586256,0.2517383950385266,0.45583536929148655,314,0.5414012738853503,8.531847133757962,34,149,165,-0.31262554132464665,-0.6935658414498396,1,10642,2017-01-02,2023-02-28
SBIN,NSE 1h stock,1.5,-0.9215095428713563,-0.5382043548518876,-0.18566639459698475,0.36478105619244505,0.7037211050554407,468,0.5833333333333334,8.294871794871796,38,217,251,-0.16612274048187298,-0.7240478080813286,2,10642,2017-01-02,2023-02-28
SBIN,NSE 1h stock,2.0,-0.839974821752654,-0.41676121569743496,-0.18674174926635362,0.4247321931967675,0.8587671490321368,560,0.5928571428571429,8.071428571428571,38,261,299,-0.020758852911088532,-0.8100136087943934,2,10642,2017-01-02,2023-02-28
SBIN,NSE 1h stock,2.5,-1.1094829451033779,-0.6953946264622672,-0.25643015028458493,0.47058823529411764,0.9457808682578462,606,0.5891089108910891,8.264026402640264,38,284,322,-0.12757944186028602,-1.1918934089341302,2,10642,2017-01-02,2023-02-28
SBIN,NSE 1h stock,3.0,-1.0667855086053573,-0.6493473409902717,-0.25072319138540156,0.4747227964668295,0.9595000939672994,616,0.5909090909090909,8.2012987012987,38,291,325,-0.08574633397405912,-1.1793222513085169,2,10642,2017-01-02,2023-02-28
MARUTI,NSE 1h stock,0.5,-1.2429480079018058,-0.9108586746764259,-0.12050202783104856,0.1619996241308025,0.249483179853411,201,0.5422885572139303,8.577114427860696,58,100,101,-0.061091932360283874,-0.5891072658925429,0,10642,2017-01-02,2023-02-28
MARUTI,NSE 1h stock,1.0,-1.6005359230213065,-1.1785558583020554,-0.20910941875344802,0.27833114076301446,0.47932719413644054,361,0.5373961218836565,8.204986149584487,58,183,178,-0.4538521420788341,-0.7320609270721249,1,10642,2017-01-02,2023-02-28
MARUTI,NSE 1h stock,1.5,-1.9129619499440567,-1.3948275999932394,-0.2898805906774007,0.40452922383010714,0.7365156925389964,541,0.5637707948243993,7.957486136783734,58,274,267,-0.5879065559467257,-1.1337395683817253,2,10642,2017-01-02,2023-02-28
MARUTI,NSE 1h stock,2.0,-1.5006877636624432,-0.9379709397984937,-0.2567269185677218,0.4570569441834242,0.8775606089081,638,0.5815047021943573,7.623824451410658,58,321,317,-0.35644558768613094,-1.0230084125967422,2,10642,2017-01-02,2023-02-28
MARUTI,NSE 1h stock,2.5,-1.5898168194009659,-1.0341502698062184,-0.28614580556430286,0.4840255591054313,0.9471903777485435,675,0.5837037037037037,7.631111111111111,58,339,336,-0.5681398375256841,-1.0223969688852939,3,10642,2017-01-02,2023-02-28
MARUTI,NSE 1h stock,3.0,-1.5683293971624805,-1.018037843197923,-0.28781992381232924,0.48985153166697987,0.9591242247697801,681,0.5814977973568282,7.654919236417034,58,342,339,-0.5452022806004039,-1.0519748244686398,3,10642,2017-01-02,2023-02-28
HINDUNILVR,NSE 1h stock,0.5,-0.5771728521904165,-0.19009090495698755,-0.05288005943075101,0.141326818267243,0.23754933283217441,206,0.6359223300970874,7.300970873786408,55,101,105,-0.0005880943966153906,-0.20343330647222663,0,10642,2017-01-02,2023-02-28
HINDUNILVR,NSE 1h stock,1.0,-0.44974322125520416,0.0996863035691887,-0.056572750286909265,0.2475098665664349,0.47415899267055067,384,0.6302083333333334,6.859375,55,184,200,-0.024458456710715115,-0.0980022463467235,2,10642,2017-01-02,2023-02-28
HINDUNILVR,NSE 1h stock,1.5,-0.3894532804428118,0.2920407335136702,-0.058803079379425846,0.34476602142454427,0.7024995301635031,551,0.6206896551724138,6.65880217785844,55,262,289,-0.0006559710558800003,-0.03906513564847852,3,10642,2017-01-02,2023-02-28
HINDUNILVR,NSE 1h stock,2.0,-0.2268605629928934,0.5464981238080013,-0.04205019749110094,0.4139259537680887,0.8702311595564743,676,0.628698224852071,6.516272189349112,55,311,365,0.07155825421109324,0.06763719457783463,4,10642,2017-01-02,2023-02-28
HINDUNILVR,NSE 1h stock,2.5,-0.05921619823265414,0.7268715562867832,-0.020091430015249382,0.43619620372110507,0.9430558165758316,720,0.6347222222222222,6.447222222222222,55,334,386,0.2205504435412894,0.08468792995578966,6,10642,2017-01-02,2023-02-28
HINDUNILVR,NSE 1h stock,3.0,-0.067054911091417,0.7031660975239638,-0.022295631096362883,0.4405186994925766,0.9618492764517947,728,0.635989010989011,6.43956043956044,55,339,389,0.20755916987997597,0.0925363789170584,6,10642,2017-01-02,2023-02-28
ASIANPAINT,NSE 1h stock,0.5,-0.2764239630746622,0.07496534695311968,-0.03425396579145087,0.1520473328324568,0.2555409466566491,226,0.6814159292035398,7.163716814159292,39,102,124,-0.004655892956171748,-0.06016354020048731,4,10648,2017-01-02,2023-02-28
ASIANPAINT,NSE 1h stock,1.0,-0.6596270825000752,-0.22915346361486144,-0.10134183622210803,0.26953418482344105,0.49840345604808417,382,0.6308900523560209,7.513089005235602,49,171,211,-0.345045107952798,-0.049042247452568744,5,10648,2017-01-02,2023-02-28
ASIANPAINT,NSE 1h stock,1.5,-0.5912567702766042,-0.03485019627820114,-0.10485746174479695,0.36673553719008267,0.722389181066867,557,0.6409335727109515,7.010771992818672,49,256,301,-0.2181469817006435,-0.09518368289981988,6,10648,2017-01-02,2023-02-28
ASIANPAINT,NSE 1h stock,2.0,-0.6588112694520173,-0.039546242977920226,-0.12252126257806661,0.44055221637866265,0.8932193839218633,660,0.6454545454545455,7.107575757575757,59,301,359,-0.1807906947619134,-0.19129624952630858,7,10648,2017-01-02,2023-02-28
ASIANPAINT,NSE 1h stock,2.5,-0.699707849588343,-0.09222552132874125,-0.1365596612063826,0.4592411720510894,0.9507888805409467,685,0.6437956204379562,7.138686131386861,59,310,375,-0.1941762069151195,-0.25217166613486625,9,10648,2017-01-02,2023-02-28
ASIANPAINT,NSE 1h stock,3.0,-0.6811305596247683,-0.08062797698511856,-0.13601111747929465,0.46168294515401953,0.9616829451540195,689,0.6429608127721336,7.134978229317852,59,311,378,-0.19595053476290197,-0.24091160927340127,9,10648,2017-01-02,2023-02-28
BAJFINANCE,NSE 1h stock,0.5,-0.23386208238406772,0.04098565685997079,-0.03448797920783151,0.13142073620926062,0.23784410927117391,178,0.5955056179775281,7.0,28,96,82,0.24741096422081787,-0.3098870472401176,1,9481,2017-09-01,2023-02-28
BAJFINANCE,NSE 1h stock,1.0,-0.9623180076536715,-0.6172756134459182,-0.15980708849052916,0.25682944837042504,0.45923425798966355,312,0.5961538461538461,7.80448717948718,58,160,152,0.049847339138101576,-0.7624231771127882,1,9481,2017-09-01,2023-02-28
BAJFINANCE,NSE 1h stock,1.5,-1.4118489944834378,-1.0153603272933598,-0.2783871608448439,0.3862461765636536,0.695918152093661,462,0.6082251082251082,7.926406926406926,58,227,235,-0.056859387939610706,-1.3547455732977123,1,9481,2017-09-01,2023-02-28
BAJFINANCE,NSE 1h stock,2.0,-1.278717763472099,-0.8493300987316702,-0.2794683856658806,0.44763210631789896,0.8553950005273705,547,0.6069469835466179,7.7586837294332724,58,267,280,-0.04802895789550238,-1.3046833631458061,5,9481,2017-09-01,2023-02-28
BAJFINANCE,NSE 1h stock,2.5,-1.2209555403556136,-0.7850761824897018,-0.2780658496209775,0.47347326231410186,0.9242695918152094,574,0.6097560975609756,7.820557491289199,58,283,291,0.07111529364301,-1.3895346108280737,5,9481,2017-09-01,2023-02-28
BAJFINANCE,NSE 1h stock,3.0,-1.4246897326140753,-1.0288656546452055,-0.3449379873092217,0.4849699398797595,0.9573884611327919,582,0.6065292096219931,7.900343642611684,58,287,295,-0.3292211312175892,-1.4711200561101152,5,9481,2017-09-01,2023-02-28
SP500,US daily,0.5,0.009108122281878723,0.0852029067798744,-0.0015726853971513432,0.16756112104949314,0.2772808586762075,100,0.65,8.43,47,51,49,0.07316079794145275,-0.011184271182447636,0,5031,1999-01-04,2018-12-31
SP500,US daily,1.0,0.007668013818145811,0.09297025194162116,-0.003841715293236929,0.2713178294573643,0.5215662890081495,163,0.6012269938650306,8.374233128834355,47,89,74,0.16826293246575103,-0.07210006283885573,0,5031,1999-01-04,2018-12-31
SP500,US daily,1.5,-0.02930692232780166,0.06171445763564075,-0.010075460207236205,0.3434704830053667,0.7205326972768833,211,0.6113744075829384,8.189573459715639,47,109,102,0.15079984830951304,-0.11324751278117973,0,5031,1999-01-04,2018-12-31
SP500,US daily,2.0,0.06759960434801637,0.1652652278672614,0.0007359228312710072,0.3913734843967402,0.8425760286225402,241,0.6182572614107884,8.1701244813278,47,125,116,0.3015179058806546,-0.014148813076388933,0,5031,1999-01-04,2018-12-31
SP500,US daily,2.5,0.16856971919324318,0.2670255752217811,0.013507174951880446,0.40011926058437686,0.9069767441860465,252,0.626984126984127,7.988095238095238,47,136,116,0.5829066119650295,-0.02669154307376176,0,5031,1999-01-04,2018-12-31
SP500,US daily,3.0,0.16462445775359333,0.26391387922342663,0.013011423792643676,0.4013118664281455,0.9196978731862453,255,0.6235294117647059,7.91764705882353,47,139,116,0.5758392703190638,-0.02669154307376176,0,5031,1999-01-04,2018-12-31
NASDAQ,US daily,0.5,0.01619604816090896,0.07092244971949861,-0.0017741049698410238,0.13416815742397137,0.2562114887696283,85,0.611764705882353,7.9411764705882355,30,46,39,0.10577551933946328,-0.038103958724035436,0,5031,1999-01-04,2018-12-31
NASDAQ,US daily,1.0,-0.09171685509218669,-0.0345777498965966,-0.020636886162499975,0.2727092029417611,0.5197773802424965,151,0.6026490066225165,9.086092715231787,37,80,71,-0.12108441813167237,-0.045767726751070714,0,5031,1999-01-04,2018-12-31
NASDAQ,US daily,1.5,-0.14238528643995765,-0.078373506345226,-0.0323258332928369,0.349632279864838,0.7084078711985689,193,0.6113989637305699,9.1139896373057,41,98,95,-0.1971183901998782,-0.13561786420232175,0,5031,1999-01-04,2018-12-31
NASDAQ,US daily,2.0,-0.09380955670832597,-0.026842364631994107,-0.029216824367344324,0.40568475452196384,0.8382031405287219,224,0.6160714285714286,9.111607142857142,41,112,112,-0.0975480344973011,-0.1042143567126208,0,5031,1999-01-04,2018-12-31
NASDAQ,US daily,2.5,-0.06894277574275057,-0.0014902282919654454,-0.02609341782164125,0.4148280659908567,0.8958457563108726,231,0.6190476190476191,9.034632034632034,41,117,114,-0.018690598680192794,-0.10191173745082205,0,5031,1999-01-04,2018-12-31
NASDAQ,US daily,3.0,-0.07310874657956207,-0.005170016583811659,-0.02710914261225089,0.4249652156628901,0.9193003379049891,235,0.6127659574468085,9.097872340425532,41,121,114,0.030073349862741627,-0.1654138719539472,0,5031,1999-01-04,2018-12-31
GOOG,US daily,0.5,-0.34659844827724046,-0.30987388121802356,-0.043254745362637056,0.16201117318435754,0.25139664804469275,35,0.6857142857142857,9.942857142857143,37,17,18,0.1939985175068744,-0.5020285094262507,0,2148,2004-08-19,2013-03-01
GOOG,US daily,1.0,-0.09014068151904968,-0.04057390614423394,-0.02400849947229188,0.2797951582867784,0.4795158286778399,63,0.7142857142857143,9.53968253968254,37,33,30,0.3072172402086942,-0.3898670507260259,0,2148,2004-08-19,2013-03-01
GOOG,US daily,1.5,-0.3857786511727587,-0.33872019808628995,-0.09178760829457808,0.38314711359404097,0.6261638733705773,80,0.6875,10.2875,37,39,41,0.007911485686578124,-0.6204426011639446,0,2148,2004-08-19,2013-03-01
GOOG,US daily,2.0,-0.5665094514132426,-0.5184658273189853,-0.12758422760533983,0.4292364990689013,0.7537243947858473,84,0.6309523809523809,10.976190476190476,38,40,44,-0.028383337177222523,-0.9149463102061564,0,2148,2004-08-19,2013-03-01
GOOG,US daily,2.5,-0.5682606629639063,-0.5194007048682812,-0.13211454788778715,0.44878957169459965,0.7956238361266295,88,0.6363636363636364,10.954545454545455,38,43,45,-0.042327663816091377,-0.9323497893475081,0,2148,2004-08-19,2013-03-01
GOOG,US daily,3.0,-0.5682606629639063,-0.5194007048682812,-0.13211454788778715,0.44878957169459965,0.8142458100558659,88,0.6363636363636364,10.954545454545455,38,43,45,-0.042327663816091377,-0.9323497893475081,0,2148,2004-08-19,2013-03-01
EURUSD,US daily,0.5,-1.2143402688968314,-0.30645170630783414,-0.007558117339985889,0.1832,0.2516,114,0.49122807017543857,8.035087719298245,48,60,54,-0.030900681404065752,-0.06224380098947545,3,5000,2017-04-19,2018-02-07
EURUSD,US daily,1.0,-1.4648918141916802,-0.19099889835653955,-0.012050023161581913,0.3102,0.5168,210,0.49523809523809526,7.385714285714286,48,102,108,-0.03788680915112638,-0.0969715170433778,5,5000,2017-04-19,2018-02-07
EURUSD,US daily,1.5,-1.6977788161462486,-0.20965704680050767,-0.016094787062204668,0.4168,0.708,283,0.47703180212014135,7.363957597173145,48,132,151,-0.03671437064661894,-0.14281280650218267,5,5000,2017-04-19,2018-02-07
EURUSD,US daily,2.0,-1.82276569442179,-0.26939104881327086,-0.018415959317177582,0.4704,0.8326,316,0.4778481012658228,7.443037974683544,48,151,165,-0.04539069551910126,-0.16487205365616445,6,5000,2017-04-19,2018-02-07
EURUSD,US daily,2.5,-1.8410941101521159,-0.2256284015120035,-0.019149995082020758,0.4982,0.906,338,0.47928994082840237,7.3698224852071,48,157,181,-0.04687199376957253,-0.1671704786508047,6,5000,2017-04-19,2018-02-07
EURUSD,US daily,3.0,-1.8620497509419844,-0.24554705359040682,-0.01939974980774773,0.5004,0.9178,339,0.471976401179941,7.380530973451328,48,157,182,-0.04687199376957253,-0.17171902029349267,6,5000,2017-04-19,2018-02-07
NIFTY50,NSE daily,0.5,-0.4449461490410777,-0.4007545728302687,-0.0403565071026688,0.15964275746581078,0.26904828356126154,53,0.5660377358490566,10.79245283018868,50,23,30,-0.2053763979674887,-0.3022078695352356,0,3583,2012-02-21,2026-08-31
NIFTY50,NSE daily,1.0,-0.3774234524630988,-0.30672698077242067,-0.03890723956610862,0.2581635500976835,0.5057214624616243,94,0.6063829787234043,9.840425531914894,50,42,52,-0.024552051919348283,-0.42972919080566363,0,3583,2012-02-21,2026-08-31
NIFTY50,NSE daily,1.5,-0.28148576837307515,-0.19486723670918332,-0.032627101218867596,0.31928551493162155,0.6589450181412224,123,0.6178861788617886,9.300813008130081,50,60,63,0.20145415557685953,-0.5397980440058459,0,3583,2012-02-21,2026-08-31
NIFTY50,NSE daily,2.0,-0.14054215520689406,-0.04532695425016083,-0.020990339585154075,0.3647781188947809,0.7837008093776165,147,0.6462585034013606,8.891156462585034,50,76,71,0.44783824214117285,-0.591304796846621,0,3583,2012-02-21,2026-08-31
NIFTY50,NSE daily,2.5,-0.08401961931753943,0.016940259638849566,-0.015651279334482494,0.3940831705274909,0.8710577728160759,161,0.6521739130434783,8.770186335403727,50,82,79,0.47193386728805065,-0.5254238192749354,0,3583,2012-02-21,2026-08-31
NIFTY50,NSE daily,3.0,-0.08401961931753943,0.016940259638849566,-0.015651279334482494,0.3940831705274909,0.8847334635780073,161,0.6521739130434783,8.770186335403727,50,82,79,0.47193386728805065,-0.5254238192749354,0,3583,2012-02-21,2026-08-31
BANKNIFTY,NSE daily,0.5,-0.2923820391458961,-0.2567474448190842,-0.03701203480037443,0.1456879709740441,0.2637454646943902,55,0.6727272727272727,9.49090909090909,34,27,28,-0.3462981274882474,-0.07688550564819074,0,3583,2012-02-21,2026-08-31
BANKNIFTY,NSE daily,1.0,-0.43279877222845253,-0.3725447823379587,-0.0600432185798592,0.2804912084845102,0.496232207647223,107,0.5887850467289719,9.392523364485982,38,46,61,-0.2044624722052239,-0.5097654701421914,0,3583,2012-02-21,2026-08-31
BANKNIFTY,NSE daily,1.5,-0.3550967219795039,-0.2844554329825943,-0.05669621902478014,0.3463578007256489,0.6497348590566564,138,0.5869565217391305,8.992753623188406,38,64,74,-0.17881489347949342,-0.44579645110774824,0,3583,2012-02-21,2026-08-31
BANKNIFTY,NSE daily,2.0,-0.3205821090592024,-0.243403313751204,-0.05867988313907763,0.41585263745464696,0.8060284677644433,167,0.5808383233532934,8.922155688622755,38,81,86,0.028613120292748317,-0.6383340936438946,0,3583,2012-02-21,2026-08-31
BANKNIFTY,NSE daily,2.5,-0.25762805864774224,-0.17870356767368248,-0.050755499866243385,0.42980742394641364,0.8785933575216299,174,0.5862068965517241,8.850574712643677,38,85,89,0.18309372172394855,-0.6638954800450176,0,3583,2012-02-21,2026-08-31
BANKNIFTY,NSE daily,3.0,-0.21817243892941135,-0.13955853890420755,-0.04547207564981394,0.43008651967624895,0.8841752721183366,175,0.5885714285714285,8.805714285714286,38,85,90,0.18309372172394855,-0.5812382207633997,0,3583,2012-02-21,2026-08-31
NIFTY500,NSE daily,0.5,-0.49690037220674166,-0.4553831824692159,-0.04159740272949382,0.14764164108289143,0.2603963159363662,47,0.48936170212765956,11.25531914893617,40,18,29,-0.2401589391650144,-0.29498018299917267,0,3583,2012-02-21,2026-08-31
NIFTY500,NSE daily,1.0,-0.3919090744596981,-0.3249287120625751,-0.038630282930599315,0.23583589171085684,0.4750209321797377,86,0.5581395348837209,9.825581395348838,40,39,47,-0.10583720347807596,-0.35277178162420314,0,3583,2012-02-21,2026-08-31
NIFTY500,NSE daily,1.5,-0.45026056757802807,-0.36819344166100315,-0.049261168250340964,0.3131454088752442,0.6374546469439017,118,0.559322033898305,9.508474576271187,40,58,60,-0.026644028352491245,-0.5593864763006229,0,3583,2012-02-21,2026-08-31
NIFTY500,NSE daily,2.0,-0.41149069563214036,-0.3211770492054365,-0.0486944463395233,0.35612615126988556,0.7716996929946972,138,0.5797101449275363,9.246376811594203,40,70,68,0.14187525204158669,-0.6999622200770976,0,3583,2012-02-21,2026-08-31
NIFTY500,NSE daily,2.5,-0.3500465706392342,-0.2552003081239071,-0.04343790831528475,0.37984928830588893,0.8442645827518839,148,0.5945945945945946,9.195945945945946,40,75,73,0.20805323302570128,-0.6791966713572724,0,3583,2012-02-21,2026-08-31
NIFTY500,NSE daily,3.0,-0.35010960480934594,-0.25474956788673364,-0.04449434348774803,0.39240859614847895,0.8855707507675132,152,0.5921052631578947,9.25,40,78,74,0.1965484636217476,-0.6776219871920692,0,3583,2012-02-21,2026-08-31
RELIANCE,NSE daily,0.5,-0.2721139795276684,-0.23507297846142594,-0.04978302757560268,0.17680714485068377,0.27700251186156855,155,0.6193548387096774,8.174193548387096,47,72,83,0.9390989382671611,-2.0006669736356524,0,7166,1997-11-06,2026-08-31
RELIANCE,NSE daily,1.0,-0.25643125889169444,-0.20645491368535085,-0.05913103252416698,0.29067820262349986,0.508791515489813,251,0.5976095617529881,8.298804780876495,47,117,134,0.7600114117885637,-1.9204331686165648,1,7166,1997-11-06,2026-08-31
RELIANCE,NSE daily,1.5,-0.24052179041143776,-0.1832893258827145,-0.07005225176626839,0.3933854312029026,0.7331844822774212,342,0.6081871345029239,8.242690058479532,47,162,180,1.3906284530305486,-2.6544122708381064,1,7166,1997-11-06,2026-08-31
RELIANCE,NSE daily,2.0,-0.24492485518796983,-0.18495530606776334,-0.07992257721630597,0.455205135361429,0.8717555121406643,394,0.6142131979695431,8.279187817258883,47,182,212,1.4623708196556677,-2.8716619839305046,1,7166,1997-11-06,2026-08-31
RELIANCE,NSE daily,2.5,-0.2844224938094948,-0.22281130157052612,-0.09046409004328179,0.469020373988278,0.9306447111359196,413,0.612590799031477,8.138014527845037,47,190,223,1.2828355603235084,-2.9791287454289046,2,7166,1997-11-06,2026-08-31
RELIANCE,NSE daily,3.0,-0.3029277305665939,-0.24135888041780587,-0.09533452831206739,0.471950879151549,0.9443204018978509,416,0.6105769230769231,8.129807692307692,47,190,226,1.2828355603235084,-3.117391562792256,2,7166,1997-11-06,2026-08-31
HDFCBANK,NSE daily,0.5,-0.09456243111080632,-0.04965189350902621,-0.014943233834830821,0.1252752947272963,0.215831066200285,142,0.6126760563380281,6.809859154929577,39,61,81,0.3384801692217739,-0.5663999810759139,2,7719,1995-06-14,2026-08-31
HDFCBANK,NSE daily,1.0,-0.19996927979793327,-0.14810922788433797,-0.04926003282332759,0.2479595802565099,0.4372328021764477,279,0.6129032258064516,6.860215053763441,50,130,149,0.26780498791385665,-1.2033990133650228,3,7719,1995-06-14,2026-08-31
HDFCBANK,NSE daily,1.5,-0.20422752024461427,-0.1376256382669381,-0.05875343517609899,0.34045860862806065,0.6785853089778469,407,0.597051597051597,6.457002457002457,51,181,226,0.49531415544248797,-1.5383048400019754,5,7719,1995-06-14,2026-08-31
HDFCBANK,NSE daily,2.0,-0.07563609625617033,-0.0015000357950872112,-0.04016602441141751,0.4080839486980179,0.8574944941054541,501,0.6047904191616766,6.287425149700598,51,223,278,1.3436683590476097,-1.604292277206075,4,7719,1995-06-14,2026-08-31
HDFCBANK,NSE daily,2.5,-0.07015720279557881,0.004563055455811418,-0.04238337015066578,0.43334628837932376,0.9275812929135898,532,0.6090225563909775,6.287593984962406,51,239,293,1.4523704637972037,-1.6859230730251284,4,7719,1995-06-14,2026-08-31
HDFCBANK,NSE daily,3.0,-0.04257129184535152,0.032299168035364215,-0.03656569580127785,0.43541909573778986,0.9448115040808395,536,0.6119402985074627,6.270522388059701,51,241,295,1.5884293505387161,-1.6254581175017935,4,7719,1995-06-14,2026-08-31
ICICIBANK,NSE daily,0.5,-0.12882253986886763,-0.09691882857765209,-0.029212708883374003,0.13586427478792937,0.23738005840634127,133,0.5789473684210527,7.345864661654136,47,57,76,-0.19672183593859893,-0.27366966460059283,0,7191,1997-09-24,2026-08-31
ICICIBANK,NSE daily,1.0,-0.22346016652935347,-0.18296315589788245,-0.06986204431294403,0.2535113336114588,0.45348352106800166,251,0.5737051792828686,7.2629482071713145,47,112,139,-0.3480225613789269,-0.9117441210365286,0,7191,1997-09-24,2026-08-31
ICICIBANK,NSE daily,1.5,-0.2031139367247008,-0.15402467057020516,-0.08061046871408487,0.3468224169100264,0.6822416910026422,355,0.5943661971830986,7.025352112676057,47,165,190,0.4667819582277147,-1.7580851566381746,0,7191,1997-09-24,2026-08-31
ICICIBANK,NSE daily,2.0,-0.07431191614161584,-0.020230791163855504,-0.056669327319908896,0.4171881518564873,0.852176331525518,423,0.6264775413711584,7.092198581560283,47,197,226,1.1050484288011218,-1.4747908455625947,0,7191,1997-09-24,2026-08-31
ICICIBANK,NSE daily,2.5,-0.04245926491215178,0.013061435855575065,-0.05122939552135739,0.44319287998887497,0.9136420525657072,449,0.6302895322939867,7.097995545657016,47,213,236,1.843970874505796,-1.9628380681231956,1,7191,1997-09-24,2026-08-31
ICICIBANK,NSE daily,3.0,-0.08673315613283272,-0.03161243717803479,-0.06672601324523773,0.45139758030871924,0.9371436517869559,462,0.6320346320346321,7.025974025974026,47,220,242,1.9484689257603887,-2.444463666463351,1,7191,1997-09-24,2026-08-31
INFY,NSE daily,0.5,-0.04374879101501671,-0.0062920505616647845,-0.01161951925055426,0.14298708386392578,0.24831726396216117,94,0.6170212765957447,8.361702127659575,39,37,57,0.13802606278566903,-0.20082168833127828,1,5497,2004-07-02,2026-08-31
INFY,NSE daily,1.0,0.002956379525603987,0.052047209168176206,-0.01097982090770238,0.25668546479898124,0.46297980716754594,162,0.6296296296296297,8.709876543209877,39,69,93,0.16899742125518252,-0.07824140771057025,2,5497,2004-07-02,2026-08-31
INFY,NSE daily,1.5,0.09569054567994313,0.15939724049784704,0.0011964059307950708,0.358559214116791,0.6798253592868837,247,0.6356275303643725,7.979757085020243,39,103,144,0.21520927091544706,0.27927691552007916,2,5497,2004-07-02,2026-08-31
INFY,NSE daily,2.0,0.14035094563301692,0.21522195726023743,0.008423337160339618,0.4318719301437148,0.8550118246316173,317,0.6498422712933754,7.488958990536277,39,132,185,0.42961305606168765,0.32319115612776556,4,5497,2004-07-02,2026-08-31
INFY,NSE daily,2.5,0.17556164338961822,0.252486900736527,0.015276675726063404,0.4500636710933236,0.9054029470620338,331,0.649546827794562,7.474320241691843,39,139,192,0.5207313948179322,0.4002252772715683,4,5497,2004-07-02,2026-08-31
INFY,NSE daily,3.0,0.18158906863791444,0.25954768811675505,0.016469646521513233,0.4535201018737493,0.9252319446971076,337,0.6498516320474778,7.397626112759644,39,143,194,0.5229525894185543,0.43062828572834233,4,5497,2004-07-02,2026-08-31
ITC,NSE daily,0.5,0.012604363468331495,0.06635509888966303,-0.0027073845244142474,0.12608444187391557,0.2515905147484095,97,0.6288659793814433,6.742268041237113,28,50,47,0.22534444321696445,-0.15470476708750874,0,5187,2005-09-22,2026-08-31
ITC,NSE daily,1.0,-0.010467801737706294,0.05787047184858611,-0.010442670242803076,0.2656641604010025,0.5153267784846732,190,0.6578947368421053,7.252631578947368,32,91,99,0.7417504318846269,-0.6762727839565745,2,5187,2005-09-22,2026-08-31
ITC,NSE daily,1.5,0.051774629686735636,0.13484830387843774,-0.004446174391997262,0.3649508386350492,0.7403123192596877,273,0.6666666666666666,6.934065934065934,33,129,144,0.8263042256149888,-0.52048152855723,4,5187,2005-09-22,2026-08-31
ITC,NSE daily,2.0,0.14263410364998302,0.2318688306782305,0.00990822546072459,0.4056294582610372,0.8704453441295547,308,0.6688311688311688,6.8311688311688314,33,143,165,1.0005838840080687,-0.35581220056628665,4,5187,2005-09-22,2026-08-31
ITC,NSE daily,2.5,0.23756149919351746,0.32837778725042993,0.02639252679262849,0.4181607865818392,0.9180643917486023,322,0.6770186335403726,6.736024844720497,33,149,173,1.160759218775814,-0.15958331794008068,4,5187,2005-09-22,2026-08-31
ITC,NSE daily,3.0,0.21387149260294616,0.3049674302600939,0.022219870523067196,0.4193175245806825,0.9230769230769231,323,0.6749226006191951,6.733746130030959,33,149,174,1.1302300619711212,-0.2123179065536781,4,5187,2005-09-22,2026-08-31
LT,NSE daily,0.5,-0.1497683967452564,-0.11259000089163809,-0.02184865738198653,0.13317587209302326,0.2272892441860465,88,0.6363636363636364,8.329545454545455,29,37,51,0.18784176511128342,-0.49813752852937704,0,5504,2004-06-23,2026-08-31
LT,NSE daily,1.0,-0.19223684793564,-0.14306788394705805,-0.03826075343951477,0.24309593023255813,0.4640261627906977,158,0.6139240506329114,8.468354430379748,35,65,93,0.044338260357734416,-0.5820236357867425,0,5504,2004-06-23,2026-08-31
LT,NSE daily,1.5,-0.3742187262299631,-0.3239326287854961,-0.09196825783003303,0.35101744186046513,0.659156976744186,223,0.5739910313901345,8.663677130044842,35,97,126,-0.5296911965730411,-1.0148955710834062,0,5504,2004-06-23,2026-08-31
LT,NSE daily,2.0,-0.3736919211387172,-0.31735390827765014,-0.10506398296587358,0.431140988372093,0.8204941860465116,280,0.6071428571428571,8.475,35,125,155,0.023509931814111207,-1.7399151820081904,1,5504,2004-06-23,2026-08-31
LT,NSE daily,2.5,-0.3600022497858889,-0.30179971242730574,-0.10546900094859514,0.45530523255813954,0.9067950581395349,297,0.6127946127946128,8.437710437710438,35,133,164,0.2596816386791531,-1.9468362936595065,1,5504,2004-06-23,2026-08-31
LT,NSE daily,3.0,-0.3499333084203883,-0.2913479286491945,-0.10377438325939824,0.4578488372093023,0.9236918604651163,300,0.61,8.4,35,133,167,0.21678600733074854,-1.8571300218667282,1,5504,2004-06-23,2026-08-31
AXISBANK,NSE daily,0.5,-0.1754752302411082,-0.14079749191974142,-0.028076380823425194,0.1353415358506576,0.2422571064913025,78,0.6410256410256411,8.179487179487179,32,34,44,0.2941463859719764,-0.6496718070715455,2,4714,2007-08-16,2026-08-31
AXISBANK,NSE daily,1.0,-0.2055215010123197,-0.16429948624556437,-0.054396562516052994,0.24628765379719983,0.46690708527789565,143,0.6713286713286714,8.118881118881118,33,62,81,-0.07330113963067647,-0.5681585387162951,2,4714,2007-08-16,2026-08-31
AXISBANK,NSE daily,1.5,-0.22729991673212532,-0.17886254697399198,-0.06783102367648615,0.33771743742044974,0.6414934238438693,190,0.6578947368421053,8.378947368421052,33,79,111,-0.2070024211447885,-0.5893197903742102,2,4714,2007-08-16,2026-08-31
AXISBANK,NSE daily,2.0,-0.31939052831334286,-0.265022475829435,-0.09174196932619812,0.40602460755197284,0.8220195163343232,226,0.6460176991150443,8.469026548672566,34,95,131,-0.2954343894016147,-0.9183737559205674,2,4714,2007-08-16,2026-08-31
AXISBANK,NSE daily,2.5,-0.2007293776835422,-0.14664714592671235,-0.07424473333339986,0.42872295290623674,0.8875689435723377,242,0.6528925619834711,8.351239669421487,34,103,139,-0.21593041495857657,-0.5610579239449196,2,4714,2007-08-16,2026-08-31
AXISBANK,NSE daily,3.0,-0.16375626826662057,-0.10878478807138155,-0.0663983151847999,0.43084429359355114,0.9128128977513789,247,0.6558704453441295,8.222672064777328,34,106,141,-0.1083118754203975,-0.5038746386094803,2,4714,2007-08-16,2026-08-31
KOTAKBANK,NSE daily,0.5,-0.06961651139395277,-0.02845923032988758,-0.018991982672793513,0.1689263466471235,0.2735434224990839,124,0.5887096774193549,7.435483870967742,29,56,68,0.43663854281742076,-0.584057677972508,0,5458,2004-08-26,2026-08-31
KOTAKBANK,NSE daily,1.0,-0.0804865379947155,-0.02909731338138975,-0.0331568097267464,0.2828875045804324,0.5470868449981678,213,0.6103286384976526,7.248826291079812,33,96,117,0.4894297846001559,-0.7162554980665077,0,5458,2004-08-26,2026-08-31
KOTAKBANK,NSE daily,1.5,-0.14967688944423005,-0.09064825531991055,-0.05668889548243367,0.3779772810553316,0.7409307438622206,285,0.5964912280701754,7.23859649122807,33,122,163,0.6561954103301624,-1.235552065539638,0,5458,2004-08-26,2026-08-31
KOTAKBANK,NSE daily,2.0,-0.16484571067025577,-0.10481527399288043,-0.06796167625124604,0.42341517039208504,0.8596555514840601,318,0.5911949685534591,7.267295597484277,33,130,188,0.5690088079139428,-1.2819810510778464,0,5458,2004-08-26,2026-08-31
KOTAKBANK,NSE daily,2.5,-0.11571571296221912,-0.05593161402913075,-0.061005605615995134,0.43733968486625135,0.9100403078050568,333,0.5975975975975976,7.168168168168168,33,137,196,0.7557067924196512,-1.233104284424083,0,5458,2004-08-26,2026-08-31
KOTAKBANK,NSE daily,3.0,-0.11740905239063053,-0.05762704334336164,-0.06141635024342907,0.4375229021619641,0.923415170392085,333,0.5975975975975976,7.171171171171171,33,137,196,0.7462728301555003,-1.233104284424083,0,5458,2004-08-26,2026-08-31
BHARTIARTL,NSE daily,0.5,-0.10070255867497445,-0.05584647882041619,-0.018288223795490794,0.16025489733301865,0.23318385650224216,88,0.6022727272727273,7.715909090909091,23,41,47,0.2619167627061871,-0.4146925029487944,0,4237,2009-07-27,2026-08-31
BHARTIARTL,NSE daily,1.0,0.06989880548768272,0.13528046769232488,-0.0008529101231842351,0.2551333490677366,0.4713240500354024,166,0.6566265060240963,6.5120481927710845,23,72,94,0.4249022614299922,-0.16528634397245257,1,4237,2009-07-27,2026-08-31
BHARTIARTL,NSE daily,1.5,0.15307429869384023,0.22591190769307004,0.011285598548596943,0.35119188104791127,0.6672173707812131,224,0.6607142857142857,6.642857142857143,30,100,124,0.7848899564590444,-0.2033285883569187,1,4237,2009-07-27,2026-08-31
BHARTIARTL,NSE daily,2.0,0.1660696278311548,0.24677898184644934,0.013254754091138321,0.41397215010620725,0.8350247816851546,271,0.6494464944649446,6.472324723247232,31,124,147,0.7574770773603361,-0.06549775471654679,1,4237,2009-07-27,2026-08-31
BHARTIARTL,NSE daily,2.5,0.18584028204682188,0.26756910558601704,0.017203056210062777,0.42789709700259615,0.8956809063016286,279,0.6487455197132617,6.49820788530466,31,126,153,0.787439148896615,-0.014848712735617331,1,4237,2009-07-27,2026-08-31
BHARTIARTL,NSE daily,3.0,0.17501386521971246,0.2566947204457766,0.01492193437067193,0.43261741798442294,0.905829596412556,281,0.6476868327402135,6.523131672597865,31,127,154,0.7886712827738012,-0.0473790771110858,1,4237,2009-07-27,2026-08-31
MARUTI,NSE daily,0.5,-0.17579341185209668,-0.13739981152285602,-0.03129594544561392,0.16147555246215417,0.2523055507221159,115,0.591304347826087,8.069565217391304,35,54,61,0.09267652777382107,-0.5616318274189764,0,5747,2003-07-09,2026-08-31
MARUTI,NSE daily,1.0,-0.278106155955913,-0.2283297798110301,-0.05971079451583802,0.2728380024360536,0.4854706803549678,193,0.5647668393782384,8.124352331606218,35,84,109,-0.2948945609982281,-0.6834923730587263,2,5747,2003-07-09,2026-08-31
MARUTI,NSE daily,1.5,-0.3376039963640673,-0.2759487327314023,-0.08429296757540682,0.38768052897163735,0.7081955803027666,283,0.5759717314487632,7.872791519434629,40,121,162,-0.12080956856602204,-1.2834498176659466,1,5747,2003-07-09,2026-08-31
MARUTI,NSE daily,2.0,-0.457023737211901,-0.39142110151460585,-0.1122846163205704,0.4416217156777449,0.8393944666782669,317,0.555205047318612,8.006309148264984,40,132,185,-0.38171506411510214,-1.6629083033317809,1,5747,2003-07-09,2026-08-31
MARUTI,NSE daily,2.5,-0.3997409946940191,-0.3314243307633512,-0.10502645967302217,0.4628501827040195,0.9051679136941013,340,0.5735294117647058,7.823529411764706,40,141,199,-0.091005751779909,-1.7249678092960288,1,5747,2003-07-09,2026-08-31
MARUTI,NSE daily,3.0,-0.3996406914417033,-0.3313257910137327,-0.10500767432355806,0.46337219418827214,0.9258743692361232,340,0.5735294117647058,7.83235294117647,40,141,199,-0.091005751779909,-1.7244823691432076,1,5747,2003-07-09,2026-08-31
HINDUNILVR,NSE daily,0.5,0.004306857195295473,0.06324447718010248,-0.0039467571431608655,0.16120853581238115,0.2854426368054088,103,0.6019417475728155,7.407766990291262,38,39,64,0.2302180090976958,-0.17118711967398115,0,4733,2007-07-19,2026-08-31
HINDUNILVR,NSE daily,1.0,-0.1034856168052381,-0.025892885046183943,-0.02145627423434291,0.2782590323262202,0.5402493133319248,188,0.5957446808510638,7.00531914893617,38,77,111,0.33794442538946495,-0.4946503358824908,0,4733,2007-07-19,2026-08-31
HINDUNILVR,NSE daily,1.5,-0.10152894519173011,-0.011217230748985303,-0.025373345622445895,0.372068455525037,0.7515317980139447,249,0.5903614457831325,7.072289156626506,38,107,142,0.3981028520689483,-0.5535200825157466,1,4733,2007-07-19,2026-08-31
HINDUNILVR,NSE daily,2.0,-0.10285325267054599,-0.00638373467505442,-0.027203515595920012,0.4158039298542151,0.8573843228396366,278,0.5935251798561151,7.079136690647482,38,119,159,0.3272760235874241,-0.4846708628444402,1,4733,2007-07-19,2026-08-31
HINDUNILVR,NSE daily,2.5,-0.1251116267615613,-0.024926921933144365,-0.030995218116490326,0.4324952461440947,0.9083034016480034,292,0.589041095890411,7.010273972602739,38,123,169,0.3234725719671743,-0.5421247916676684,1,4733,2007-07-19,2026-08-31
HINDUNILVR,NSE daily,3.0,-0.12180991045202574,-0.02156612660276172,-0.030617120849217545,0.4343967885062328,0.9156982886118741,293,0.590443686006826,7.017064846416382,38,124,169,0.3325881543245909,-0.5421247916676684,1,4733,2007-07-19,2026-08-31
ASIANPAINT,NSE daily,0.5,-0.25916873098184107,-0.20233195146263133,-0.03534663061689609,0.17375328083989502,0.27331583552055994,147,0.6122448979591837,6.755102040816326,42,65,82,0.03125272455943723,-0.6262559421286453,1,5715,2003-08-25,2026-08-31
ASIANPAINT,NSE daily,1.0,-0.20072820257596255,-0.12433276630929059,-0.03860847858035806,0.28976377952755905,0.520909886264217,250,0.612,6.624,42,109,141,0.4010018258873312,-0.9321487335218563,1,5715,2003-08-25,2026-08-31
ASIANPAINT,NSE daily,1.5,-0.3062234611102504,-0.21900054852185458,-0.06203651159506232,0.3826771653543307,0.6997375328083989,326,0.6165644171779141,6.708588957055214,62,136,190,0.3327647686805364,-1.3131785562025917,2,5715,2003-08-25,2026-08-31
ASIANPAINT,NSE daily,2.0,-0.311674322615266,-0.22069166090182646,-0.07076517700769176,0.44006999125109364,0.8421697287839021,376,0.6117021276595744,6.6888297872340425,62,157,219,0.620080426656006,-1.7188206292680164,3,5715,2003-08-25,2026-08-31
ASIANPAINT,NSE daily,2.5,-0.3433018154041599,-0.24879256558598672,-0.07755526952457964,0.4612423447069116,0.9111111111111111,397,0.6070528967254408,6.6397984886649875,62,164,233,0.5605102318874877,-1.8025761924309085,3,5715,2003-08-25,2026-08-31
ASIANPAINT,NSE daily,3.0,-0.32474969329224557,-0.23048240182839094,-0.07571627564961685,0.46771653543307085,0.9284339457567804,402,0.6069651741293532,6.649253731343284,62,167,235,0.714582186478625,-1.897184408458979,3,5715,2003-08-25,2026-08-31
BAJFINANCE,NSE daily,0.5,-0.2187799836764767,-0.19096434828566974,-0.047471329402454986,0.1577079107505071,0.2281947261663286,70,0.6285714285714286,8.885714285714286,39,31,39,0.0670887901593632,-0.5836533817559246,0,3944,2010-09-29,2026-08-31
BAJFINANCE,NSE daily,1.0,-0.4035246158798721,-0.3633402819753339,-0.09372157367121695,0.26774847870182555,0.4672920892494929,123,0.6016260162601627,8.585365853658537,39,46,77,-0.2183453577870879,-0.9538177019073515,0,3944,2010-09-29,2026-08-31
BAJFINANCE,NSE daily,1.5,-0.5744248849959817,-0.5263380771146562,-0.14228470750613917,0.3696754563894523,0.6523833671399595,168,0.5416666666666666,8.678571428571429,39,66,102,-0.4008352204494645,-1.519563270853687,1,3944,2010-09-29,2026-08-31
BAJFINANCE,NSE daily,2.0,-0.6348575476899878,-0.582875835805572,-0.16663015802640604,0.43128803245436104,0.8075557809330629,196,0.5561224489795918,8.678571428571429,39,80,116,-0.30282599256127674,-1.9892690533286599,1,3944,2010-09-29,2026-08-31
BAJFINANCE,NSE daily,2.5,-0.6533493774428721,-0.5992226805403886,-0.17626570980969816,0.4601926977687627,0.875,211,0.5639810426540285,8.601895734597157,39,84,127,-0.1958587686749913,-2.2397854044398486,1,3944,2010-09-29,2026-08-31
BAJFINANCE,NSE daily,3.0,-0.6002658527700998,-0.5460923102801726,-0.1660128961308953,0.4617139959432049,0.8932555780933062,212,0.5613207547169812,8.589622641509434,39,85,127,-0.08165948254445804,-2.1566139377809135,1,3944,2010-09-29,2026-08-31
