sharpe,cagr,exposure,trades,win_rate,avg_bars,max_bars,avg_win,avg_loss,long_pnl,short_pnl,bars,inst,dir,bps
-2.2996756755207652,-0.22762044094317016,0.5465162225051587,1173,0.5694799658994032,10.609548167092925,61,0.004307917817500588,-0.012237290638808917,-1.1284951760437498,-2.1736474944643613,22777,NIFTY,FADE,0.0
-2.6386689072505862,-0.2549500182383063,0.5465162225051587,1173,0.5575447570332481,10.609548167092925,61,0.00399619633937149,-0.012302225580842128,-1.36169517604375,-2.409647494464361,22777,NIFTY,FADE,2.0
-3.148960609865606,-0.2941514915053727,0.5465162225051587,1173,0.526001705029838,10.609548167092925,61,0.0036150552976230784,-0.012060488829391279,-1.71149517604375,-2.763647494464361,22777,NIFTY,FADE,5.0
-3.9996045906550073,-0.354980743782572,0.5465162225051587,1173,0.46547314578005117,10.609548167092925,61,0.003017847794132188,-0.011636184315955799,-2.2944951760437498,-3.353647494464361,22777,NIFTY,FADE,10.0
-11.319049286803338,-0.8747151347697661,0.1507661237212978,3217,0.00031084861672365556,1.0674541498290333,29,0.001221225892943542,-0.008331845147758643,-12.994185410372573,-13.79980735892628,22777,NIFTY,BREAK,0.0
-11.75642287573801,-0.8865574624847806,0.1507661237212978,3217,0.00031084861672365556,1.0674541498290333,29,0.0008212258929435421,-0.008731845147758642,-13.642585410372574,-14.438207358926281,22777,NIFTY,BREAK,2.0
-12.39029708390339,-0.9022592494355973,0.1507661237212978,3217,0.00031084861672365556,1.0674541498290333,29,0.00022122589294354205,-0.009331845147758642,-14.615185410372572,-15.39580735892628,22777,NIFTY,BREAK,5.0
-13.38789697410963,-0.9237572509751312,0.1507661237212978,3217,0.0,1.0674541498290333,29,,-0.010328875588840178,-16.23618541037257,-16.99180735892628,22777,NIFTY,BREAK,10.0
-2.162903079224235,-0.30783145345422375,0.5281144181072892,1164,0.5979381443298969,10.18298969072165,84,0.005997779214420776,-0.01867616707539846,-1.4597910553328592,-3.1062008027167582,22444,BANKNIFTY,FADE,0.0
-2.3900073206061,-0.3324737030325179,0.5281144181072892,1164,0.5867697594501718,10.18298969072165,84,0.005707858920869054,-0.018565612268197883,-1.6985910553328591,-3.333000802716758,22444,BANKNIFTY,FADE,2.0
-2.731418945544086,-0.3678105255977916,0.5281144181072892,1164,0.5567010309278351,10.18298969072165,84,0.00540358380891696,-0.017890531329898852,-2.056791055332859,-3.6732008027167584,22444,BANKNIFTY,FADE,5.0
-3.301063369246269,-0.4226183273300098,0.5281144181072892,1164,0.5128865979381443,10.18298969072165,84,0.004821521417785748,-0.017235344170137053,-2.653791055332859,-4.240200802716759,22444,BANKNIFTY,FADE,10.0
-10.814822123823483,-0.9447331594010664,0.15229014435929425,3102,0.0003223726627981947,1.1018697614442294,36,0.00471595778887439,-0.011819559932826273,-18.0425296957073,-18.605209698198088,22444,BANKNIFTY,BREAK,0.0
-11.115022434070275,-0.9498592321848586,0.15229014435929425,3102,0.0003223726627981947,1.1018697614442294,36,0.00431595778887439,-0.01221955993282627,-18.670129695707303,-19.218409698198087,22444,BANKNIFTY,BREAK,2.0
-11.555265186029532,-0.9566724095939859,0.15229014435929425,3102,0.0003223726627981947,1.1018697614442294,36,0.00371595778887439,-0.012819559932826272,-19.611529695707304,-20.13820969819809,22444,BANKNIFTY,BREAK,5.0
-12.262128152097802,-0.9660365951799441,0.15229014435929425,3102,0.0003223726627981947,1.1018697614442294,36,0.00271595778887439,-0.013819559932826271,-21.180529695707303,-21.67120969819809,22444,BANKNIFTY,BREAK,10.0
-2.5836868663156407,-0.41439248467599377,0.5293177974065025,557,0.5763016157989228,10.100538599640933,69,0.007352397135057396,-0.02322589582115387,-0.9624432736595616,-2.1587486597793273,10642,RELIANCE,FADE,0.0
-2.774623987963261,-0.4354294840217037,0.5293177974065025,557,0.5727109515260324,10.100538599640933,69,0.006996857793900061,-0.023428527603752136,-1.0716432736595616,-2.272348659779327,10642,RELIANCE,FADE,2.0
-3.061910844771763,-0.46558384708175143,0.5293177974065025,557,0.5493716337522442,10.100538599640933,69,0.006681784526256323,-0.022800071707065037,-1.2354432736595615,-2.442748659779327,10642,RELIANCE,FADE,5.0
-3.542290997560399,-0.5123225431803385,0.5293177974065025,557,0.526032315978456,10.100538599640933,69,0.00595665453466517,-0.022653377697332513,-1.5084432736595614,-2.726748659779327,10642,RELIANCE,FADE,10.0
-11.239515018782821,-0.978375152623129,0.1567374553655328,1615,0.0,1.0321981424148607,18,,-0.014220816483742646,-12.359196418390944,-10.607422202853426,10642,RELIANCE,BREAK,0.0
-11.502067570104689,-0.9805705096323862,0.1567374553655328,1615,0.0,1.0321981424148607,18,,-0.014620816483742645,-12.702796418390943,-10.909822202853425,10642,RELIANCE,BREAK,2.0
-11.888941870880307,-0.9834534911843317,0.1567374553655328,1615,0.0,1.0321981424148607,18,,-0.015220816483742641,-13.218196418390946,-11.363422202853425,10642,RELIANCE,BREAK,5.0
-12.515109080653932,-0.9873409505792988,0.1567374553655328,1615,0.0,1.0321981424148607,18,,-0.016220816483742642,-14.077196418390944,-12.119422202853425,10642,RELIANCE,BREAK,10.0
-0.832397045405621,-0.149135215012259,0.4913072079691758,621,0.6763285024154589,8.417069243156199,55,0.0062252897280710255,-0.01753416577864096,0.08641487651573895,-0.9961605122327418,10641,HDFCBANK,FADE,0.0
-1.0685601220155057,-0.18315592582606324,0.4913072079691758,621,0.6666666666666666,8.417069243156199,55,0.005912319113843716,-0.017419544680426575,-0.03798512348426092,-1.1201605122327418,10641,HDFCBANK,FADE,2.0
-1.424647652828484,-0.23166529955207435,0.4913072079691758,621,0.6489533011272142,8.417069243156199,55,0.005466038062356812,-0.017126417315811,-0.22458512348426107,-1.3061605122327418,10641,HDFCBANK,FADE,5.0
-2.0216957263232658,-0.30622568282754886,0.4913072079691758,621,0.5974235104669887,8.417069243156199,55,0.004892087798477427,-0.015866840835808513,-0.5355851234842611,-1.6161605122327423,10641,HDFCBANK,FADE,10.0
-10.391255879111377,-0.9483779226505034,0.16483413213043888,1555,0.0,1.1273311897106109,42,,-0.011442247201910853,-9.296995215482866,-8.495699183488512,10641,HDFCBANK,BREAK,0.0
-10.699453291665117,-0.953427071967067,0.16483413213043888,1555,0.0,1.1273311897106109,42,,-0.011842247201910855,-9.618195215482867,-8.79649918348851,10641,HDFCBANK,BREAK,2.0
-11.152619420976057,-0.960091650013504,0.16483413213043888,1555,0.0,1.1273311897106109,42,,-0.012442247201910854,-10.099995215482867,-9.24769918348851,10641,HDFCBANK,BREAK,5.0
-11.883308702695308,-0.9691513752979688,0.16483413213043888,1555,0.0,1.1273311897106109,42,,-0.013442247201910854,-10.902995215482866,-9.999699183488513,10641,HDFCBANK,BREAK,10.0
-0.6729876095218263,-0.1592088632410362,0.47006201077564297,555,0.6648648648648648,8.30990990990991,49,0.008350866608517962,-0.021125436385000727,0.09547309249922975,-0.9433344815662361,9837,ICICIBANK,FADE,0.0
-0.8535029175647459,-0.1917232704710928,0.47006201077564297,555,0.654054054054054,8.30990990990991,49,0.008085903790574283,-0.02085960658877849,-0.014126907500770156,-1.055734481566236,9837,ICICIBANK,FADE,2.0
-1.1253357237525807,-0.23816382468630565,0.47006201077564297,555,0.6486486486486487,8.30990990990991,49,0.007550984033514475,-0.021134439185293424,-0.17852690750077033,-1.2243344815662365,9837,ICICIBANK,FADE,5.0
-1.580590369648665,-0.3097384576908235,0.47006201077564297,555,0.618018018018018,8.30990990990991,49,0.006902854238663471,-0.02040349241947442,-0.4525269075007703,-1.5053344815662362,9837,ICICIBANK,FADE,10.0
-11.013387068001142,-0.9827144826660118,0.15329876995018807,1395,0.0,1.0810035842293906,29,,-0.016076865657681048,-11.57306076207189,-10.854166830393172,9837,ICICIBANK,BREAK,0.0
-11.238673588405543,-0.9843609453225423,0.15329876995018807,1395,0.0,1.0810035842293906,29,,-0.01647686565768105,-11.856260762071889,-11.128966830393171,9837,ICICIBANK,BREAK,2.0
-11.571059898848862,-0.9865418233088137,0.15329876995018807,1395,0.0,1.0810035842293906,29,,-0.01707686565768105,-12.28106076207189,-11.541166830393173,9837,ICICIBANK,BREAK,5.0
-12.110217693395125,-0.9895230416101297,0.15329876995018807,1395,0.0,1.0810035842293906,29,,-0.01807686565768105,-12.98906076207189,-12.228166830393173,9837,ICICIBANK,BREAK,10.0
-0.9643233888191737,-0.18354462656845968,0.49746288291674495,632,0.6645569620253164,8.354430379746836,43,0.006673777681568448,-0.01830024218563117,-0.16366268414552282,-0.9130020329495381,10642,INFY,FADE,0.0
-1.1846150525443333,-0.21676148711451626,0.49746288291674495,632,0.6566455696202531,8.354430379746836,43,0.006352035159553182,-0.018274466858569732,-0.27886268414552284,-1.050602032949538,10642,INFY,FADE,2.0
-1.5162310105805614,-0.2640816154308569,0.49746288291674495,632,0.6424050632911392,8.354430379746836,43,0.005886430522504781,-0.018135201368283192,-0.45166268414552285,-1.257002032949538,10642,INFY,FADE,5.0
-2.0709740832561887,-0.3367086657276922,0.49746288291674495,632,0.6091772151898734,8.354430379746836,43,0.0051764156323172,-0.01754487747181046,-0.7396626841455228,-1.601002032949538,10642,INFY,FADE,10.0
-10.17483228189069,-0.9610376801826345,0.15777109565871078,1558,0.0006418485237483953,1.077663671373556,29,0.00866646315688706,-0.012482593445591226,-11.194400043116556,-8.232331488512097,10642,INFY,BREAK,0.0
-10.453285754341593,-0.964856209733768,0.15777109565871078,1558,0.0006418485237483953,1.077663671373556,29,0.00826646315688706,-0.012882593445591227,-11.557200043116556,-8.492731488512096,10642,INFY,BREAK,2.0
-10.863696519292997,-0.9698950874112019,0.15777109565871078,1558,0.0006418485237483953,1.077663671373556,29,0.00766646315688706,-0.013482593445591228,-12.101400043116556,-8.883331488512098,10642,INFY,BREAK,5.0
-11.528122157884493,-0.9767419382235389,0.15777109565871078,1558,0.0006418485237483953,1.077663671373556,29,0.00666646315688706,-0.014482593445591227,-13.008400043116556,-9.534331488512098,10642,INFY,BREAK,10.0
-1.0355432578578592,-0.17368298675589391,0.4904153354632588,629,0.6422893481717011,8.297297297297296,50,0.006582831458437387,-0.01659225711152827,-0.2690307428439493,-0.8047631980412073,10642,TCS,FADE,0.0
-1.28263882165098,-0.20710742806298074,0.4904153354632588,629,0.6343402225755167,8.297297297297296,50,0.006262780539564104,-0.016627145113787975,-0.39103074284394934,-0.9343631980412073,10642,TCS,FADE,2.0
-1.655413155366119,-0.25473775916416347,0.4904153354632588,629,0.6168521462639109,8.297297297297296,50,0.005830564105848146,-0.01645250130271468,-0.5740307428439494,-1.1287631980412074,10642,TCS,FADE,5.0
-2.2808856402430253,-0.32787638884470355,0.4904153354632588,629,0.589825119236884,8.297297297297296,50,0.005070471209784818,-0.016329219998896607,-0.8790307428439492,-1.4527631980412075,10642,TCS,FADE,10.0
-11.162377297847245,-0.9510698026050394,0.17036271377560608,1515,0.0,1.1966996699669967,37,,-0.011957714084544801,-9.579407070262803,-8.536529767822568,10642,TCS,BREAK,0.0
-11.468072756032843,-0.9557377260835593,0.17036271377560608,1515,0.0,1.1966996699669967,37,,-0.0123577140845448,-9.902207070262804,-8.819729767822569,10642,TCS,BREAK,2.0
-11.916355956916929,-0.9619195197354011,0.17036271377560608,1515,0.0,1.1966996699669967,37,,-0.0129577140845448,-10.386407070262804,-9.24452976782257,10642,TCS,BREAK,5.0
-12.636080048035607,-0.9703671751904772,0.17036271377560608,1515,0.0,1.1966996699669967,37,,-0.0139577140845448,-11.193407070262804,-9.952529767822568,10642,TCS,BREAK,10.0
-1.366744140445578,-0.23759126492036597,0.47895132493892123,611,0.662847790507365,8.333878887070377,50,0.005819377714696294,-0.01893788687247959,-0.5559292059253083,-0.988427515353488,10642,ITC,FADE,0.0
-1.587288215192858,-0.26759205627153854,0.47895132493892123,611,0.646481178396072,8.333878887070377,50,0.0055607865698685515,-0.018450312112855898,-0.6791292059253083,-1.109627515353488,10642,ITC,FADE,2.0
-1.9194446704623322,-0.3104047006781401,0.47895132493892123,611,0.6252045826513911,8.333878887070377,50,0.005136606921219267,-0.01798052648552208,-0.8639292059253084,-1.2914275153534882,10642,ITC,FADE,5.0
-2.4754958566285783,-0.37629539355146974,0.47895132493892123,611,0.5891980360065466,8.333878887070377,50,0.00441272567738271,-0.01735035045871144,-1.1719292059253084,-1.5944275153534884,10642,ITC,FADE,10.0
-10.224906123107639,-0.9587402104184117,0.15918060514940802,1566,0.0,1.0817369093231162,21,,-0.012187614566247394,-9.937808447316508,-9.147995963426908,10642,ITC,BREAK,0.0
-10.510742502889947,-0.9628031127182923,0.15918060514940802,1566,0.0,1.0817369093231162,21,,-0.012587614566247391,-10.259808447316509,-9.452395963426907,10642,ITC,BREAK,2.0
-10.931825148965784,-0.9681610317497444,0.15918060514940802,1566,0.0,1.0817369093231162,21,,-0.013187614566247393,-10.74280844731651,-9.908995963426907,10642,ITC,BREAK,5.0
-11.61295729472511,-0.9754340098242804,0.15918060514940802,1566,0.0,1.0817369093231162,21,,-0.014187614566247392,-11.547808447316509,-10.669995963426908,10642,ITC,BREAK,10.0
-0.9665824737659701,-0.18426901454795017,0.47707176639934196,559,0.6708407871198568,8.300536672629695,42,0.006722227973088103,-0.019386306343730585,-0.16024386824289455,-0.8860010090954948,9726,LT,FADE,0.0
-1.1793702414554545,-0.21637473971735763,0.47707176639934196,559,0.6636851520572451,8.300536672629695,42,0.006392964737198686,-0.01937039784488884,-0.27064386824289455,-0.9992010090954948,9726,LT,FADE,2.0
-1.4998896781382975,-0.2621907425061468,0.47707176639934196,559,0.6457960644007156,8.300536672629695,42,0.005961479244206706,-0.01897645901261116,-0.43624386824289463,-1.1690010090954948,9726,LT,FADE,5.0
-2.0366478927275784,-0.33270254735145927,0.47707176639934196,559,0.6064400715563506,8.300536672629695,42,0.005315604702264345,-0.018028340324572737,-0.7122438682428947,-1.452001009095495,9726,LT,FADE,10.0
-11.000457231427813,-0.9697201648782054,0.15700185070943862,1415,0.0,1.0791519434628976,22,,-0.013549485543586736,-9.611177495602128,-9.5613445485731,9726,LT,BREAK,0.0
-11.269378615091457,-0.9726716366616662,0.15700185070943862,1415,0.0,1.0791519434628976,22,,-0.013949485543586732,-9.890777495602128,-9.8477445485731,9726,LT,BREAK,2.0
-11.66516880796166,-0.9765692078524416,0.15700185070943862,1415,0.0,1.0791519434628976,22,,-0.014549485543586736,-10.310177495602128,-10.277344548573101,9726,LT,BREAK,5.0
-12.304498235910762,-0.9818713979433603,0.15700185070943862,1415,0.0,1.0791519434628976,22,,-0.015549485543586735,-11.009177495602128,-10.9933445485731,9726,LT,BREAK,10.0
-0.7125303622512354,-0.1716178910833132,0.489749858943013,627,0.6730462519936204,8.304625199362041,47,0.008079207624125586,-0.02148305943902283,-0.08089536772222014,-0.913706199896464,10634,AXISBANK,FADE,0.0
-0.895930581243593,-0.20505191917555293,0.489749858943013,627,0.6586921850079744,8.304625199362041,47,0.007851061677193764,-0.020971448786447234,-0.20449536772222004,-1.040906199896464,10634,AXISBANK,FADE,2.0
-1.1722780396272672,-0.2527014269150145,0.489749858943013,627,0.6475279106858054,8.304625199362041,47,0.007383181299763296,-0.0209012360874325,-0.3898953677222201,-1.2317061998964642,10634,AXISBANK,FADE,5.0
-1.6355705470881252,-0.3258830148240327,0.489749858943013,627,0.6267942583732058,8.304625199362041,47,0.006611510640490129,-0.0207133557663731,-0.6988953677222203,-1.5497061998964643,10634,AXISBANK,FADE,10.0
-11.261629469535466,-0.9854599955413648,0.166353206695505,1577,0.0,1.121116043119848,33,,-0.016032869166987356,-12.96199279627934,-12.32184188005972,10634,AXISBANK,BREAK,0.0
-11.493973243086389,-0.9869053920838072,0.166353206695505,1577,0.0,1.121116043119848,33,,-0.016432869166987357,-13.28119279627934,-12.63344188005972,10634,AXISBANK,BREAK,2.0
-11.836876517037135,-0.9888090427617151,0.166353206695505,1577,0.0,1.121116043119848,33,,-0.017032869166987357,-13.759992796279342,-13.100841880059718,10634,AXISBANK,BREAK,5.0
-12.39336335948712,-0.9913878306385301,0.166353206695505,1577,0.0,1.121116043119848,33,,-0.018032869166987358,-14.557992796279342,-13.879841880059718,10634,AXISBANK,BREAK,10.0
-0.2962619305075896,-0.07581284916051342,0.4643863935350498,640,0.6953125,7.721875,42,0.007323835573742437,-0.018597118278168134,-0.022291597144737996,-0.34503963678266314,10642,KOTAKBANK,FADE,0.0
-0.5093493792044993,-0.11382034260885206,0.4643863935350498,640,0.6828125,7.721875,42,0.007053788694199691,-0.018255354154151065,-0.14709159714473805,-0.47623963678266296,10642,KOTAKBANK,FADE,2.0
-0.8308665835181297,-0.16793409415692354,0.4643863935350498,640,0.671875,7.721875,42,0.0065616407817801385,-0.01823255604806124,-0.334291597144738,-0.6730396367826631,10642,KOTAKBANK,FADE,5.0
-1.370819331578902,-0.25091212665057055,0.4643863935350498,640,0.628125,7.721875,42,0.005979548943853195,-0.017021470207379773,-0.6462915971447379,-1.001039636782663,10642,KOTAKBANK,FADE,10.0
-10.908233978884486,-0.9673917765644733,0.15551588047359519,1518,0.0006587615283267457,1.0810276679841897,20,0.00011477014534932386,-0.013498287420448802,-10.737945359352391,-9.738841887323092,10642,KOTAKBANK,BREAK,0.0
-11.174633030802557,-0.9705121295286063,0.15551588047359519,1518,0.0,1.0810276679841897,20,,-0.013889319661841558,-11.05834535935239,-10.025641887323093,10642,KOTAKBANK,BREAK,2.0
-11.566603280884884,-0.9746427989316471,0.15551588047359519,1518,0.0,1.0810276679841897,20,,-0.014489319661841558,-11.53894535935239,-10.455841887323093,10642,KOTAKBANK,BREAK,5.0
-12.199482274214024,-0.9802839256094895,0.15551588047359519,1518,0.0,1.0810276679841897,20,,-0.015489319661841557,-12.339945359352392,-11.172841887323091,10642,KOTAKBANK,BREAK,10.0
-0.17278450032010992,-0.06403057756270536,0.47354571938727563,673,0.711738484398217,7.487369985141159,68,0.008550915398256417,-0.02259327248103252,0.4943611783148212,-0.7815675638703063,10641,BHARTIARTL,FADE,0.0
-0.36660638465516554,-0.10445235206584282,0.47354571938727563,673,0.6968796433878157,7.487369985141159,68,0.008329447891708489,-0.02187704630768023,0.35476117831482135,-0.9111675638703062,10641,BHARTIARTL,FADE,2.0
-0.6589632583943424,-0.16184936035630218,0.47354571938727563,673,0.6864784546805349,7.487369985141159,68,0.007850082480602849,-0.02173907341987678,0.1453611783148212,-1.1055675638703062,10641,BHARTIARTL,FADE,5.0
-1.1498959855405413,-0.24948637402233637,0.47354571938727563,673,0.662704309063893,7.487369985141159,68,0.007113050409535875,-0.021170162415015355,-0.20363882168517886,-1.4295675638703063,10641,BHARTIARTL,FADE,10.0
-11.81868262634039,-0.9865994204147776,0.1739498167465464,1612,0.0,1.1482630272952854,69,,-0.016039179893575475,-12.550035751724462,-13.305122236719203,10641,BHARTIARTL,BREAK,0.0
-12.05977773447316,-0.987958189654468,0.1739498167465464,1612,0.0,1.1482630272952854,69,,-0.016439179893575476,-12.854435751724463,-13.645522236719202,10641,BHARTIARTL,BREAK,2.0
-12.415238841304618,-0.9897428543927245,0.1739498167465464,1612,0.0,1.1482630272952854,69,,-0.017039179893575476,-13.311035751724464,-14.156122236719202,10641,BHARTIARTL,BREAK,5.0
-12.991162478030285,-0.9921499778235989,0.1739498167465464,1612,0.0,1.1482630272952854,69,,-0.018039179893575473,-14.072035751724464,-15.007122236719201,10641,BHARTIARTL,BREAK,10.0
-1.4747499993425122,-0.31372693828373277,0.476038338658147,547,0.6124314442413162,9.261425959780622,43,0.008548344358220841,-0.023615974940838422,-0.6332025481143789,-1.5096887793393843,10642,SBIN,FADE,0.0
-1.6302546980231627,-0.33791839302254756,0.476038338658147,547,0.5978062157221207,9.261425959780622,43,0.008352876314551295,-0.02315037219232744,-0.7352025481143789,-1.6264887793393843,10642,SBIN,FADE,2.0
-1.8642041696952982,-0.37262450894289273,0.476038338658147,547,0.5850091407678245,9.261425959780622,43,0.007926853679464932,-0.023024160814460536,-0.8882025481143789,-1.801688779339384,10642,SBIN,FADE,5.0
-2.255526492185836,-0.42649303403818767,0.476038338658147,547,0.5648994515539305,9.261425959780622,43,0.007194014694634875,-0.022940512050823272,-1.143202548114379,-2.0936887793393844,10642,SBIN,FADE,10.0
-10.501359048876022,-0.9835966525515932,0.14968990791204662,1492,0.0,1.0676943699731904,31,,-0.016452428267502636,-13.060150310972608,-11.486872664141323,10642,SBIN,BREAK,0.0
-10.714801608668836,-0.9851425378038843,0.14968990791204662,1492,0.0,1.0676943699731904,31,,-0.016852428267502634,-13.375750310972608,-11.768072664141323,10642,SBIN,BREAK,2.0
-11.030207908650095,-0.9871930241397939,0.14968990791204662,1492,0.0,1.0676943699731904,31,,-0.017452428267502637,-13.849150310972608,-12.189872664141323,10642,SBIN,BREAK,5.0
-11.543133635294309,-0.9900021540046395,0.14968990791204662,1492,0.0,1.0676943699731904,31,,-0.018452428267502638,-14.638150310972607,-12.892872664141324,10642,SBIN,BREAK,10.0
-1.5478940690315561,-0.2772174511533075,0.5028190189813945,628,0.678343949044586,8.520700636942674,58,0.006916341104509787,-0.02388946376222884,-0.4875775878571378,-1.3917327815919194,10642,MARUTI,FADE,0.0
-1.7618660230943908,-0.3064057238377869,0.5028190189813945,628,0.6719745222929936,8.520700636942674,58,0.0065799650772144025,-0.023821629281716186,-0.6163775878571377,-1.5141327815919192,10642,MARUTI,FADE,2.0
-2.084116915870581,-0.3480030523199216,0.5028190189813945,628,0.6576433121019108,8.520700636942674,58,0.006117226163852571,-0.023412673372651946,-0.8095775878571381,-1.6977327815919194,10642,MARUTI,FADE,5.0
-2.6236691576389735,-0.41188654235179595,0.5028190189813945,628,0.6353503184713376,8.520700636942674,58,0.005312805903960411,-0.022948121943795897,-1.131577587857138,-2.0037327815919195,10642,MARUTI,FADE,10.0
-10.93270142805603,-0.9731286346060025,0.16105995113700433,1603,0.0,1.0692451653150343,26,,-0.013505474079393958,-11.00741863298856,-10.641856316279956,10642,MARUTI,BREAK,0.0
-11.203956762137905,-0.9758356004532951,0.16105995113700433,1603,0.0,1.0692451653150343,26,,-0.013905474079393958,-11.32621863298856,-10.964256316279954,10642,MARUTI,BREAK,2.0
-11.603629029879524,-0.9793942704017442,0.16105995113700433,1603,0.0,1.0692451653150343,26,,-0.01450547407939396,-11.804418632988561,-11.447856316279955,10642,MARUTI,BREAK,5.0
-12.250396717461667,-0.9842010525499582,0.16105995113700433,1603,0.0,1.0692451653150343,26,,-0.015505474079393958,-12.601418632988562,-12.253856316279956,10642,MARUTI,BREAK,10.0
0.04703087033673062,-0.004888065839574391,0.4623191129486939,671,0.713859910581222,7.332339791356185,55,0.0062127164544021245,-0.015273940217156168,0.25993243308485386,-0.2166377731202204,10642,HINDUNILVR,FADE,0.0
-0.23637408507726115,-0.04777192367825019,0.4623191129486939,671,0.7049180327868853,7.332339791356185,55,0.005889021027940795,-0.015205112556825067,0.13353243308485385,-0.35863777312022027,10642,HINDUNILVR,FADE,2.0
-0.6649630808190995,-0.10867232381934873,0.4623191129486939,671,0.684053651266766,7.332339791356185,55,0.0054568599745033995,-0.014775490888360502,-0.056067566915146194,-0.5716377731202205,10642,HINDUNILVR,FADE,5.0
-1.3864514266901755,-0.20167641139378467,0.4623191129486939,671,0.6497764530551415,7.332339791356185,55,0.0047147215572760255,-0.014273718889394526,-0.3720675669151463,-0.9266377731202204,10642,HINDUNILVR,FADE,10.0
-11.27070579194769,-0.9434590752703647,0.17242999436196205,1504,0.0006648936170212766,1.2200797872340425,56,0.000563167988354636,-0.011497217549087339,-9.759122454206725,-7.5206323540831885,10642,HINDUNILVR,BREAK,0.0
-11.590121786575866,-0.9488145217728773,0.17242999436196205,1504,0.0006648936170212766,1.2200797872340425,56,0.000163167988354636,-0.011897217549087338,-10.091122454206726,-7.790232354083187,10642,HINDUNILVR,BREAK,2.0
-12.057751067001636,-0.9559134367112676,0.17242999436196205,1504,0.0,1.2200797872340425,56,,-0.012489198675724676,-10.589122454206727,-8.194632354083188,10642,HINDUNILVR,BREAK,5.0
-12.806469708310699,-0.9656287602707205,0.17242999436196205,1504,0.0,1.2200797872340425,56,,-0.013489198675724677,-11.419122454206725,-8.868632354083188,10642,HINDUNILVR,BREAK,10.0
-0.5189166524901153,-0.10894712949861224,0.484504132231405,669,0.7115097159940209,7.7025411061285505,59,0.006943382127462594,-0.02014570361205576,-0.11594014666777108,-0.4671307577867967,10648,ASIANPAINT,FADE,0.0
-0.7551743461443438,-0.14723477794909554,0.484504132231405,669,0.70254110612855,7.7025411061285505,59,0.006627814231093853,-0.019928359764164218,-0.23754014666777115,-0.6131307577867966,10648,ASIANPAINT,FADE,2.0
-1.1116167042948017,-0.20161687158010527,0.484504132231405,669,0.6771300448430493,7.7025411061285505,59,0.006265134329788953,-0.018936003499300757,-0.4199401466677711,-0.8321307577867967,10648,ASIANPAINT,FADE,5.0
-1.7099417156590293,-0.28468815626598476,0.484504132231405,669,0.6442451420029895,7.7025411061285505,59,0.005555687445798139,-0.01813265627560322,-0.7239401466677712,-1.1971307577867967,10648,ASIANPAINT,FADE,10.0
-11.106449325691706,-0.9657820778223198,0.1620961682945154,1601,0.0006246096189881324,1.0780762023735166,34,0.001018432835767304,-0.012652195232671491,-11.103364738313704,-9.139129201124913,10648,ASIANPAINT,BREAK,0.0
-11.3989015531199,-0.9692216433008671,0.1620961682945154,1601,0.0006246096189881324,1.0780762023735166,34,0.000618432835767304,-0.013052195232671489,-11.457364738313704,-9.425529201124913,10648,ASIANPAINT,BREAK,2.0
-11.82900842138528,-0.9737447748537382,0.1620961682945154,1601,0.0006246096189881324,1.0780762023735166,34,1.8432835767303972e-05,-0.013652195232671489,-11.988364738313706,-9.855129201124914,10648,ASIANPAINT,BREAK,5.0
-12.522872690445404,-0.979857196403197,0.1620961682945154,1601,0.0,1.0780762023735166,34,,-0.014643656426882335,-12.873364738313704,-10.571129201124915,10648,ASIANPAINT,BREAK,10.0
-1.4788739993883881,-0.3286263605374678,0.4950954540660268,546,0.652014652014652,8.591575091575091,58,0.008359865025721683,-0.02658519393483611,-0.3343484802544299,-1.740726418207512,9481,BAJFINANCE,FADE,0.0
-1.6442821690605114,-0.3551133129268468,0.4950954540660268,546,0.6428571428571429,8.591575091575091,58,0.008077288192184503,-0.02630052848163437,-0.44354848025442994,-1.8499264182075117,9481,BAJFINANCE,FADE,2.0
-1.8931074535943533,-0.39290653328617675,0.4950954540660268,546,0.6373626373626373,8.591575091575091,58,0.007543975529111918,-0.026496860518145905,-0.60734848025443,-2.013726418207512,9481,BAJFINANCE,FADE,5.0
-2.3092495121792944,-0.4510598257244991,0.4950954540660268,546,0.6172161172161172,8.591575091575091,58,0.006770358760373693,-0.0260702669890329,-0.8803484802544301,-2.2867264182075115,9481,BAJFINANCE,FADE,10.0
-10.502000832496263,-0.9889722045636216,0.15852758147874696,1375,0.0,1.0923636363636364,42,,-0.017392973127280893,-12.526448800707811,-11.388889249303416,9481,BAJFINANCE,BREAK,0.0
-10.70624203556428,-0.9900462851251061,0.15852758147874696,1375,0.0,1.0923636363636364,42,,-0.017792973127280894,-12.809648800707812,-11.655689249303418,9481,BAJFINANCE,BREAK,2.0
-11.008532544406293,-0.9914648120500696,0.15852758147874696,1375,0.0,1.0923636363636364,42,,-0.018392973127280894,-13.234448800707812,-12.055889249303418,9481,BAJFINANCE,BREAK,5.0
-11.501416126547904,-0.9933948713361166,0.15852758147874696,1375,0.0,1.0923636363636364,42,,-0.019392973127280895,-13.942448800707812,-12.722889249303417,9481,BAJFINANCE,BREAK,10.0
