sharpe,cagr,exposure,trades,win_rate,avg_bars,max_bars,avg_win,avg_loss,long_pnl,short_pnl,bars,inst,stop_sigma,max_hold
-2.6386689072505862,-0.2549500182383063,0.5465162225051587,1173,0.5575447570332481,10.609548167092925,61,0.00399619633937149,-0.012302225580842128,-1.36169517604375,-2.409647494464361,22777,NIFTY,0.0,0
-2.6702270780085584,-0.25293631422269086,0.5175396233042104,1245,0.5558232931726907,9.465863453815262,20,0.004057753789881031,-0.01183023385917383,-1.435029014748741,-2.2991246867767146,22777,NIFTY,0.0,20
-2.637142478780496,-0.2547385406522504,0.5460332791851429,1173,0.5575447570332481,10.600170502983802,50,0.00399619633937149,-0.012294932693383538,-1.36169517604375,-2.405862485873352,22777,NIFTY,0.0,50
-3.7063922942926966,-0.3054763188287102,0.39632084998024325,2406,0.35827098919368244,3.7506234413965087,16,0.005223824109536762,-0.005950268526818761,-2.1253262593446802,-2.558951963642798,22777,NIFTY,1.0,0
-3.7063922942926966,-0.3054763188287102,0.39632084998024325,2406,0.35827098919368244,3.7506234413965087,16,0.005223824109536762,-0.005950268526818761,-2.1253262593446802,-2.558951963642798,22777,NIFTY,1.0,20
-3.7063922942926966,-0.3054763188287102,0.39632084998024325,2406,0.35827098919368244,3.7506234413965087,16,0.005223824109536762,-0.005950268526818761,-2.1253262593446802,-2.558951963642798,22777,NIFTY,1.0,50
-3.681905168374217,-0.3138834194684662,0.4458444922509549,1975,0.4465822784810127,5.140253164556962,18,0.004593535618411503,-0.008135123156701805,-2.1315748346442445,-2.7086163601918836,22777,NIFTY,1.5,0
-3.681905168374217,-0.3138834194684662,0.4458444922509549,1975,0.4465822784810127,5.140253164556962,18,0.004593535618411503,-0.008135123156701805,-2.1315748346442445,-2.7086163601918836,22777,NIFTY,1.5,20
-3.681905168374217,-0.3138834194684662,0.4458444922509549,1975,0.4465822784810127,5.140253164556962,18,0.004593535618411503,-0.008135123156701805,-2.1315748346442445,-2.7086163601918836,22777,NIFTY,1.5,50
-3.541408353802196,-0.31156947226013065,0.4850946129867849,1704,0.49061032863849763,6.482394366197183,21,0.004271701416382092,-0.00963800847855859,-2.0936999629787887,-2.7009490123146387,22777,NIFTY,2.0,0
-3.5383281808917433,-0.3113292365425558,0.48505070904860165,1704,0.49061032863849763,6.481807511737089,20,0.004271701416382092,-0.00963271358605332,-2.0936999629787887,-2.6963530456200635,22777,NIFTY,2.0,20
-3.541408353802196,-0.31156947226013065,0.4850946129867849,1704,0.49061032863849763,6.482394366197183,21,0.004271701416382092,-0.00963800847855859,-2.0936999629787887,-2.7009490123146387,22777,NIFTY,2.0,50
-3.178529773623749,-0.29306379125955007,0.5135882688677175,1405,0.5338078291814946,8.323843416370106,28,0.004112766654402996,-0.01150407773240421,-1.8667974760756874,-2.583798447846824,22777,NIFTY,3.0,0
-3.1415701366871067,-0.29002390849523557,0.5129736137331519,1408,0.5340909090909091,8.296164772727273,20,0.004129155720468074,-0.01143246679128251,-1.8604992618160756,-2.534073851473259,22777,NIFTY,3.0,20
-3.178529773623749,-0.29306379125955007,0.5135882688677175,1405,0.5338078291814946,8.323843416370106,28,0.004112766654402996,-0.01150407773240421,-1.8667974760756874,-2.583798447846824,22777,NIFTY,3.0,50
-2.939589654433063,-0.27720216768302175,0.5281643763445582,1282,0.5491419656786272,9.381435257410297,35,0.004077725072834509,-0.012171190884010351,-1.6274907424643248,-2.536739137218162,22777,NIFTY,4.0,0
-2.874577327153006,-0.27054980861411543,0.5180225666242262,1295,0.5505791505791506,9.108880308880309,20,0.004116223858458361,-0.0119906995460372,-1.6436661729659972,-2.400053351746843,22777,NIFTY,4.0,20
-2.939589654433063,-0.27720216768302175,0.5281643763445582,1282,0.5491419656786272,9.381435257410297,35,0.004077725072834509,-0.012171190884010351,-1.6274907424643248,-2.536739137218162,22777,NIFTY,4.0,50
-2.3900073206061,-0.3324737030325179,0.5281144181072892,1164,0.5867697594501718,10.18298969072165,84,0.005707858920869054,-0.018565612268197883,-1.6985910553328591,-3.333000802716758,22444,BANKNIFTY,0.0,0
-2.3987147807995832,-0.3193537634856015,0.49946533594724646,1221,0.5814905814905815,9.180999180999182,20,0.005800441987214042,-0.01747729052682797,-1.5712701418970267,-3.2413115063900957,22444,BANKNIFTY,0.0,20
-2.406057157155875,-0.33190342456552524,0.5257975405453573,1165,0.5862660944206008,10.129613733905579,50,0.005707858920869054,-0.01849168792216483,-1.7094447025069195,-3.3050812330229644,22444,BANKNIFTY,0.0,50
-3.0074770379416917,-0.35277516894403144,0.3888789877027268,2356,0.36969439728353143,3.704584040747029,16,0.007609465104005507,-0.008131887314100427,-2.2828190254360234,-3.165189530414314,22444,BANKNIFTY,1.0,0
-3.0074770379416917,-0.35277516894403144,0.3888789877027268,2356,0.36969439728353143,3.704584040747029,16,0.007609465104005507,-0.008131887314100427,-2.2828190254360234,-3.165189530414314,22444,BANKNIFTY,1.0,20
-3.0074770379416917,-0.35277516894403144,0.3888789877027268,2356,0.36969439728353143,3.704584040747029,16,0.007609465104005507,-0.008131887314100427,-2.2828190254360234,-3.165189530414314,22444,BANKNIFTY,1.0,50
-3.273320197759085,-0.38881849378466277,0.4353056496168241,1981,0.4568399798081777,4.931852599697122,18,0.006714075405603294,-0.011390748137541618,-2.5496100908959503,-3.6305966630278506,22444,BANKNIFTY,1.5,0
-3.273320197759085,-0.38881849378466277,0.4353056496168241,1981,0.4568399798081777,4.931852599697122,18,0.006714075405603294,-0.011390748137541618,-2.5496100908959503,-3.6305966630278506,22444,BANKNIFTY,1.5,20
-3.273320197759085,-0.38881849378466277,0.4353056496168241,1981,0.4568399798081777,4.931852599697122,18,0.006714075405603294,-0.011390748137541618,-2.5496100908959503,-3.6305966630278506,22444,BANKNIFTY,1.5,50
-3.1875127013124165,-0.38663056484873365,0.46342006772411337,1699,0.5079458505002943,6.121836374337846,19,0.006180710942220406,-0.013718952690391322,-2.495642184355673,-3.6394487216752616,22444,BANKNIFTY,2.0,0
-3.1875127013124165,-0.38663056484873365,0.46342006772411337,1699,0.5079458505002943,6.121836374337846,19,0.006180710942220406,-0.013718952690391322,-2.495642184355673,-3.6394487216752616,22444,BANKNIFTY,2.0,20
-3.1875127013124165,-0.38663056484873365,0.46342006772411337,1699,0.5079458505002943,6.121836374337846,19,0.006180710942220406,-0.013718952690391322,-2.495642184355673,-3.6394487216752616,22444,BANKNIFTY,2.0,50
-2.7675220360334722,-0.3555284084216992,0.49171270718232046,1389,0.5521958243340532,7.94528437724982,25,0.0059126197854414125,-0.016157521227645084,-2.018359214114479,-3.4966396140472007,22444,BANKNIFTY,3.0,0
-2.758368292606793,-0.35448132872181115,0.49055426840135447,1390,0.5517985611510792,7.920863309352518,20,0.005930497228771574,-0.016118949578363847,-2.0254315503035043,-3.4679826625493755,22444,BANKNIFTY,3.0,20
-2.7675220360334722,-0.3555284084216992,0.49171270718232046,1389,0.5521958243340532,7.94528437724982,25,0.0059126197854414125,-0.016157521227645084,-2.018359214114479,-3.4966396140472007,22444,BANKNIFTY,3.0,50
-2.5472184123485753,-0.3357990071741656,0.5050347531634289,1264,0.567246835443038,8.967563291139241,33,0.005821151857780515,-0.017002753329260576,-1.7897381961394716,-3.3370019929374326,22444,BANKNIFTY,4.0,0
-2.554420313260497,-0.33515276122489795,0.4979058991267154,1272,0.5668238993710691,8.785377358490566,20,0.005833311134241495,-0.016917027006734083,-1.8190434318423896,-3.2964211210799705,22444,BANKNIFTY,4.0,20
-2.5472184123485753,-0.3357990071741656,0.5050347531634289,1264,0.567246835443038,8.967563291139241,33,0.005821151857780515,-0.017002753329260576,-1.7897381961394716,-3.3370019929374326,22444,BANKNIFTY,4.0,50
-2.774623987963261,-0.4354294840217037,0.5293177974065025,557,0.5727109515260324,10.100538599640933,69,0.006996857793900061,-0.023428527603752136,-1.0716432736595616,-2.272348659779327,10642,RELIANCE,0.0,0
-2.9283390398689906,-0.43990589018294857,0.5011276075925578,587,0.5792163543441227,9.073253833049403,20,0.007177123584303514,-0.023657014840379537,-1.1328381980933644,-2.2702224488171856,10642,RELIANCE,0.0,20
-2.767691543856075,-0.4344370560269815,0.5289419282089832,559,0.5724508050089445,10.057245080500895,50,0.007029321387913528,-0.023347058225786393,-1.0858296996551147,-2.244734372175503,10642,RELIANCE,0.0,50
-3.7066257460058094,-0.4772670122605819,0.38131930088329263,1212,0.35066006600660066,3.3465346534653464,18,0.00937843953282984,-0.009955054550150277,-1.4272332401587682,-2.4215578893568184,10642,RELIANCE,1.0,0
-3.7066257460058094,-0.4772670122605819,0.38131930088329263,1212,0.35066006600660066,3.3465346534653464,18,0.00937843953282984,-0.009955054550150277,-1.4272332401587682,-2.4215578893568184,10642,RELIANCE,1.0,20
-3.7066257460058094,-0.4772670122605819,0.38131930088329263,1212,0.35066006600660066,3.3465346534653464,18,0.00937843953282984,-0.009955054550150277,-1.4272332401587682,-2.4215578893568184,10642,RELIANCE,1.0,50
-4.339713245502472,-0.5541345713892353,0.43638413831986467,1027,0.433300876338851,4.52093476144109,20,0.008166249277991769,-0.014499931947938334,-1.847658489467987,-2.9573209755257865,10642,RELIANCE,1.5,0
-4.339713245502472,-0.5541345713892353,0.43638413831986467,1027,0.433300876338851,4.52093476144109,20,0.008166249277991769,-0.014499931947938334,-1.847658489467987,-2.9573209755257865,10642,RELIANCE,1.5,20
-4.339713245502472,-0.5541345713892353,0.43638413831986467,1027,0.433300876338851,4.52093476144109,20,0.008166249277991769,-0.014499931947938334,-1.847658489467987,-2.9573209755257865,10642,RELIANCE,1.5,50
-4.035899686781435,-0.534679994437854,0.4612854726555159,863,0.48667439165701043,5.6859791425260715,20,0.007502373679803335,-0.017358177454822293,-1.6258799952937375,-2.912795671675137,10642,RELIANCE,2.0,0
-4.035899686781435,-0.534679994437854,0.4612854726555159,863,0.48667439165701043,5.6859791425260715,20,0.007502373679803335,-0.017358177454822293,-1.6258799952937375,-2.912795671675137,10642,RELIANCE,2.0,20
-4.035899686781435,-0.534679994437854,0.4612854726555159,863,0.48667439165701043,5.6859791425260715,20,0.007502373679803335,-0.017358177454822293,-1.6258799952937375,-2.912795671675137,10642,RELIANCE,2.0,50
-3.5796488835846176,-0.5099614129756571,0.498966359706822,698,0.5372492836676218,7.597421203438396,24,0.007018399413748283,-0.02121333938069348,-1.384253722443327,-2.8357551173650615,10642,RELIANCE,3.0,0
-3.569432244469003,-0.5088508576903489,0.4976508175155046,700,0.5385714285714286,7.555714285714286,20,0.007064933374859546,-0.02126440612854085,-1.3869752581969537,-2.8179480389996923,10642,RELIANCE,3.0,20
-3.5796488835846176,-0.5099614129756571,0.498966359706822,698,0.5372492836676218,7.597421203438396,24,0.007018399413748283,-0.02121333938069348,-1.384253722443327,-2.8357551173650615,10642,RELIANCE,3.0,50
-3.203581968828539,-0.4816715218131985,0.5110881413268182,617,0.5510534846029174,8.80388978930308,28,0.006945184977755952,-0.02254834961334152,-1.1941608407298394,-2.6903691097287386,10642,RELIANCE,4.0,0
-3.2914446281563765,-0.48871240219740186,0.5028190189813945,622,0.5546623794212219,8.591639871382636,20,0.007015367703189781,-0.02304228590501213,-1.294352894516476,-2.6680584435714096,10642,RELIANCE,4.0,20
-3.203581968828539,-0.4816715218131985,0.5110881413268182,617,0.5510534846029174,8.80388978930308,28,0.006945184977755952,-0.02254834961334152,-1.1941608407298394,-2.6903691097287386,10642,RELIANCE,4.0,50
-1.0685601220155057,-0.18315592582606324,0.4913072079691758,621,0.6666666666666666,8.417069243156199,55,0.005912319113843716,-0.017419544680426575,-0.03798512348426092,-1.1201605122327418,10641,HDFCBANK,0.0,0
-1.0098420733494675,-0.17271462498819554,0.47326379099708676,642,0.6635514018691588,7.842679127725857,20,0.006033372506343254,-0.016869218063595186,-0.037732592992534814,-1.0358018210417992,10641,HDFCBANK,0.0,20
-1.0793577508906707,-0.18466941032295026,0.49064937505873507,621,0.6666666666666666,8.405797101449275,50,0.005912319113843716,-0.017480834408460405,-0.03798512348426092,-1.1328474859357447,10641,HDFCBANK,0.0,50
-1.955367303662,-0.26594066970317287,0.36641293111549667,1207,0.4084507042253521,3.2294946147473076,16,0.007812250631427371,-0.007922622071315399,-0.6018768974429002,-1.2034357001826017,10641,HDFCBANK,1.0,0
-1.955367303662,-0.26594066970317287,0.36641293111549667,1207,0.4084507042253521,3.2294946147473076,16,0.007812250631427371,-0.007922622071315399,-0.6018768974429002,-1.2034357001826017,10641,HDFCBANK,1.0,20
-1.955367303662,-0.26594066970317287,0.36641293111549667,1207,0.4084507042253521,3.2294946147473076,16,0.007812250631427371,-0.007922622071315399,-0.6018768974429002,-1.2034357001826017,10641,HDFCBANK,1.0,50
-2.3260646578398885,-0.3081900083668324,0.412555210976412,1013,0.4906219151036525,4.332675222112537,18,0.006871895760433962,-0.010820145377096736,-0.6459935865133553,-1.5218692351328806,10641,HDFCBANK,1.5,0
-2.3260646578398885,-0.3081900083668324,0.412555210976412,1013,0.4906219151036525,4.332675222112537,18,0.006871895760433962,-0.010820145377096736,-0.6459935865133553,-1.5218692351328806,10641,HDFCBANK,1.5,20
-2.3260646578398885,-0.3081900083668324,0.412555210976412,1013,0.4906219151036525,4.332675222112537,18,0.006871895760433962,-0.010820145377096736,-0.6459935865133553,-1.5218692351328806,10641,HDFCBANK,1.5,50
-2.1354467451102814,-0.2973554470159689,0.4365191241424678,890,0.5561797752808989,5.217977528089888,18,0.006516125363517751,-0.013414543603016547,-0.5607208800088689,-1.5125417882413803,10641,HDFCBANK,2.0,0
-2.1354467451102814,-0.2973554470159689,0.4365191241424678,890,0.5561797752808989,5.217977528089888,18,0.006516125363517751,-0.013414543603016547,-0.5607208800088689,-1.5125417882413803,10641,HDFCBANK,2.0,20
-2.1354467451102814,-0.2973554470159689,0.4365191241424678,890,0.5561797752808989,5.217977528089888,18,0.006516125363517751,-0.013414543603016547,-0.5607208800088689,-1.5125417882413803,10641,HDFCBANK,2.0,50
-1.790888279866752,-0.26609003756011895,0.46903486514425335,736,0.6046195652173914,6.779891304347826,25,0.005989890867452461,-0.0153655480511892,-0.41656420540705535,-1.3893088414726564,10641,HDFCBANK,3.0,0
-1.772404804126463,-0.2644590010348829,0.4681890799736867,738,0.6056910569105691,6.749322493224932,20,0.006040142705596582,-0.015437481187297502,-0.4145001929076235,-1.3778630431942769,10641,HDFCBANK,3.0,20
-1.790888279866752,-0.26609003756011895,0.46903486514425335,736,0.6046195652173914,6.779891304347826,25,0.005989890867452461,-0.0153655480511892,-0.41656420540705535,-1.3893088414726564,10641,HDFCBANK,3.0,50
-1.5409286563560032,-0.23693948900901834,0.4790903110609905,680,0.6323529411764706,7.495588235294117,28,0.005971600008450049,-0.01657594347358865,-0.23707444655480073,-1.339123418208841,10641,HDFCBANK,4.0,0
-1.4834459346158841,-0.2306878199504232,0.4769288600695423,686,0.6326530612244898,7.396501457725948,20,0.0060912564790921225,-0.01653401331718895,-0.23845729140840563,-1.2845087525972285,10641,HDFCBANK,4.0,20
-1.5409286563560032,-0.23693948900901834,0.4790903110609905,680,0.6323529411764706,7.495588235294117,28,0.005971600008450049,-0.01657594347358865,-0.23707444655480073,-1.339123418208841,10641,HDFCBANK,4.0,50
-0.8535029175647459,-0.1917232704710928,0.47006201077564297,555,0.654054054054054,8.30990990990991,49,0.008085903790574283,-0.02085960658877849,-0.014126907500770156,-1.055734481566236,9837,ICICIBANK,0.0,0
-0.9737254815745008,-0.21095392081571043,0.4556267154620311,564,0.6542553191489362,7.925531914893617,20,0.008199635801660705,-0.021720836974748553,-0.11029740095265558,-1.0996001983105117,9837,ICICIBANK,0.0,20
-0.8535029175647459,-0.1917232704710928,0.47006201077564297,555,0.654054054054054,8.30990990990991,49,0.008085903790574283,-0.02085960658877849,-0.014126907500770156,-1.055734481566236,9837,ICICIBANK,0.0,50
-1.7987643772604593,-0.3181753848537418,0.35091999593371964,1060,0.41037735849056606,3.249056603773585,17,0.011083556149248984,-0.010966511832327799,-0.5616957559307951,-1.4710272143507717,9837,ICICIBANK,1.0,0
-1.7987643772604593,-0.3181753848537418,0.35091999593371964,1060,0.41037735849056606,3.249056603773585,17,0.011083556149248984,-0.010966511832327799,-0.5616957559307951,-1.4710272143507717,9837,ICICIBANK,1.0,20
-1.7987643772604593,-0.3181753848537418,0.35091999593371964,1060,0.41037735849056606,3.249056603773585,17,0.011083556149248984,-0.010966511832327799,-0.5616957559307951,-1.4710272143507717,9837,ICICIBANK,1.0,50
-1.829628844713792,-0.33372409096770456,0.3968689641150757,905,0.5116022099447514,4.304972375690608,18,0.009664869287060448,-0.015014012116844926,-0.5408261078972882,-1.6205327678391812,9837,ICICIBANK,1.5,0
-1.829628844713792,-0.33372409096770456,0.3968689641150757,905,0.5116022099447514,4.304972375690608,18,0.009664869287060448,-0.015014012116844926,-0.5408261078972882,-1.6205327678391812,9837,ICICIBANK,1.5,20
-1.829628844713792,-0.33372409096770456,0.3968689641150757,905,0.5116022099447514,4.304972375690608,18,0.009664869287060448,-0.015014012116844926,-0.5408261078972882,-1.6205327678391812,9837,ICICIBANK,1.5,50
-1.9907436051585392,-0.36084962175996316,0.4207583612890109,792,0.5694444444444444,5.215909090909091,19,0.009083078826325927,-0.01900646753084845,-0.7128590594181248,-1.6718778179282048,9837,ICICIBANK,2.0,0
-1.9907436051585392,-0.36084962175996316,0.4207583612890109,792,0.5694444444444444,5.215909090909091,19,0.009083078826325927,-0.01900646753084845,-0.7128590594181248,-1.6718778179282048,9837,ICICIBANK,2.0,20
-1.9907436051585392,-0.36084962175996316,0.4207583612890109,792,0.5694444444444444,5.215909090909091,19,0.009083078826325927,-0.01900646753084845,-0.7128590594181248,-1.6718778179282048,9837,ICICIBANK,2.0,50
-1.4120328631294672,-0.2799426646390346,0.4498322659347362,651,0.6221198156682027,6.781874039938556,23,0.00832014208081547,-0.02067130062633195,-0.4024283052845591,-1.313054106062836,9837,ICICIBANK,3.0,0
-1.4119625961752105,-0.2799173551863057,0.44932398088848224,651,0.6221198156682027,6.774193548387097,20,0.00832014208081547,-0.020670756236335613,-0.4024283052845591,-1.312920186123737,9837,ICICIBANK,3.0,20
-1.4120328631294672,-0.2799426646390346,0.4498322659347362,651,0.6221198156682027,6.781874039938556,23,0.00832014208081547,-0.02067130062633195,-0.4024283052845591,-1.313054106062836,9837,ICICIBANK,3.0,50
-1.1593200122645473,-0.24219244731436684,0.4615228219985768,592,0.6368243243243243,7.648648648648648,28,0.008164456853130114,-0.020990332079606853,-0.22995513701339776,-1.2049660264720221,9837,ICICIBANK,4.0,0
-1.2225258617208303,-0.25142093463224713,0.4531869472400122,593,0.6374367622259697,7.497470489038786,20,0.00816761119437138,-0.02134766919591775,-0.28432060438168216,-1.218071241268252,9837,ICICIBANK,4.0,20
-1.1593200122645473,-0.24219244731436684,0.4615228219985768,592,0.6368243243243243,7.648648648648648,28,0.008164456853130114,-0.020990332079606853,-0.22995513701339776,-1.2049660264720221,9837,ICICIBANK,4.0,50
-1.1846150525443333,-0.21676148711451626,0.49746288291674495,632,0.6566455696202531,8.354430379746836,43,0.006352035159553182,-0.018274466858569732,-0.27886268414552284,-1.050602032949538,10642,INFY,0.0,0
-1.3263492818309202,-0.2350280744598635,0.482146213117835,643,0.6531881804043546,7.95800933125972,20,0.006334144811637989,-0.01852603610537614,-0.37490864927076595,-1.0960565813401575,10642,INFY,0.0,20
-1.1846150525443333,-0.21676148711451626,0.49746288291674495,632,0.6566455696202531,8.354430379746836,43,0.006352035159553182,-0.018274466858569732,-0.27886268414552284,-1.050602032949538,10642,INFY,0.0,50
-1.9820877121437996,-0.3093648863287808,0.3769968051118211,1211,0.40957886044591246,3.3129644921552437,15,0.008515626017579318,-0.00892624861688802,-0.55418959789362,-1.6043276584619712,10642,INFY,1.0,0
-1.9820877121437996,-0.3093648863287808,0.3769968051118211,1211,0.40957886044591246,3.3129644921552437,15,0.008515626017579318,-0.00892624861688802,-0.55418959789362,-1.6043276584619712,10642,INFY,1.0,20
-1.9820877121437996,-0.3093648863287808,0.3769968051118211,1211,0.40957886044591246,3.3129644921552437,15,0.008515626017579318,-0.00892624861688802,-0.55418959789362,-1.6043276584619712,10642,INFY,1.0,50
-2.2407833435028834,-0.3439774792108678,0.42134937041909415,1022,0.5009784735812133,4.387475538160469,18,0.0074646123225987245,-0.012333617747839426,-0.7468999852916899,-1.72136355693587,10642,INFY,1.5,0
-2.2407833435028834,-0.3439774792108678,0.42134937041909415,1022,0.5009784735812133,4.387475538160469,18,0.0074646123225987245,-0.012333617747839426,-0.7468999852916899,-1.72136355693587,10642,INFY,1.5,20
-2.2407833435028834,-0.3439774792108678,0.42134937041909415,1022,0.5009784735812133,4.387475538160469,18,0.0074646123225987245,-0.012333617747839426,-0.7468999852916899,-1.72136355693587,10642,INFY,1.5,50
-2.318796119100391,-0.35749992019263727,0.44502912986280774,919,0.5516866158868335,5.140369967355822,19,0.006976750556195839,-0.014829484270867142,-0.6922780307808116,-1.8802569568251606,10642,INFY,2.0,0
-2.318796119100391,-0.35749992019263727,0.44502912986280774,919,0.5516866158868335,5.140369967355822,19,0.006976750556195839,-0.014829484270867142,-0.6922780307808116,-1.8802569568251606,10642,INFY,2.0,20
-2.318796119100391,-0.35749992019263727,0.44502912986280774,919,0.5516866158868335,5.140369967355822,19,0.006976750556195839,-0.014829484270867142,-0.6922780307808116,-1.8802569568251606,10642,INFY,2.0,50
-1.8564862923533152,-0.3048178924370451,0.47068220259349747,750,0.6053333333333333,6.6626666666666665,21,0.006408100340740101,-0.01688104685442315,-0.510862969159859,-1.5766493450533883,10642,INFY,3.0,0
-1.8528284672197985,-0.30426189102082124,0.4703063333959782,750,0.6053333333333333,6.657333333333334,20,0.006408100340740101,-0.01686245051001346,-0.516825474349863,-1.5651823219181162,10642,INFY,3.0,20
-1.8564862923533152,-0.3048178924370451,0.47068220259349747,750,0.6053333333333333,6.6626666666666665,21,0.006408100340740101,-0.01688104685442315,-0.510862969159859,-1.5766493450533883,10642,INFY,3.0,50
-1.492771809429286,-0.25904208496685377,0.48618680699116706,676,0.6301775147928994,7.633136094674557,28,0.006297376445578917,-0.017436686670118072,-0.46253889464235665,-1.2139504070705431,10642,INFY,4.0,0
-1.500459136902577,-0.25937016553682796,0.4813005074234166,677,0.6277695716395865,7.545051698670606,20,0.006316368865349945,-0.017323297755628145,-0.46194222413262254,-1.2190720425119437,10642,INFY,4.0,20
-1.492771809429286,-0.25904208496685377,0.48618680699116706,676,0.6301775147928994,7.633136094674557,28,0.006297376445578917,-0.017436686670118072,-0.46253889464235665,-1.2139504070705431,10642,INFY,4.0,50
-1.28263882165098,-0.20710742806298074,0.4904153354632588,629,0.6343402225755167,8.297297297297296,50,0.006262780539564104,-0.016627145113787975,-0.39103074284394934,-0.9343631980412073,10642,TCS,0.0,0
-1.2977106155976679,-0.2016724368629749,0.46588987032512685,649,0.6363636363636364,7.63944530046225,20,0.006340730496076172,-0.01655906783174469,-0.41327352638777237,-0.8759447870245161,10642,TCS,0.0,20
-1.28263882165098,-0.20710742806298074,0.4904153354632588,629,0.6343402225755167,8.297297297297296,50,0.006262780539564104,-0.016627145113787975,-0.39103074284394934,-0.9343631980412073,10642,TCS,0.0,50
-2.293731850190885,-0.2998737320602364,0.3650629580905845,1210,0.4033057851239669,3.2107438016528924,17,0.008065090358416823,-0.008356641913334413,-0.80095818898805,-1.296773177531987,10642,TCS,1.0,0
-2.293731850190885,-0.2998737320602364,0.3650629580905845,1210,0.4033057851239669,3.2107438016528924,17,0.008065090358416823,-0.008356641913334413,-0.80095818898805,-1.296773177531987,10642,TCS,1.0,20
-2.293731850190885,-0.2998737320602364,0.3650629580905845,1210,0.4033057851239669,3.2107438016528924,17,0.008065090358416823,-0.008356641913334413,-0.80095818898805,-1.296773177531987,10642,TCS,1.0,50
-2.3660404754655695,-0.3172735437364573,0.40396542003382824,1030,0.503883495145631,4.173786407766991,18,0.007266890740199393,-0.011774677341073085,-0.9103688172759822,-1.3349750098488797,10642,TCS,1.5,0
-2.3660404754655695,-0.3172735437364573,0.40396542003382824,1030,0.503883495145631,4.173786407766991,18,0.007266890740199393,-0.011774677341073085,-0.9103688172759822,-1.3349750098488797,10642,TCS,1.5,20
-2.3660404754655695,-0.3172735437364573,0.40396542003382824,1030,0.503883495145631,4.173786407766991,18,0.007266890740199393,-0.011774677341073085,-0.9103688172759822,-1.3349750098488797,10642,TCS,1.5,50
-2.425287876555044,-0.33228995585026166,0.4369479421161436,912,0.543859649122807,5.098684210526316,20,0.006728145841846889,-0.013730624968757212,-1.0160879606068824,-1.3586916888400609,10642,TCS,2.0,0
-2.425287876555044,-0.33228995585026166,0.4369479421161436,912,0.543859649122807,5.098684210526316,20,0.006728145841846889,-0.013730624968757212,-1.0160879606068824,-1.3586916888400609,10642,TCS,2.0,20
-2.425287876555044,-0.33228995585026166,0.4369479421161436,912,0.543859649122807,5.098684210526316,20,0.006728145841846889,-0.013730624968757212,-1.0160879606068824,-1.3586916888400609,10642,TCS,2.0,50
-1.9390820659368309,-0.28425025150055333,0.4595940612666792,749,0.595460614152203,6.530040053404539,28,0.006436211379351005,-0.015907007659377123,-0.829397461572514,-1.1198755840282066,10642,TCS,3.0,0
-1.9223517431865447,-0.28210046904379465,0.4578086825784627,751,0.596537949400799,6.487350199733688,20,0.006433548802785932,-0.01588561471147561,-0.8302786120133735,-1.1008327819156385,10642,TCS,3.0,20
-1.9390820659368309,-0.28425025150055333,0.4595940612666792,749,0.595460614152203,6.530040053404539,28,0.006436211379351005,-0.015907007659377123,-0.829397461572514,-1.1198755840282066,10642,TCS,3.0,50
-1.7690694067023376,-0.267422028419194,0.4704942679947378,691,0.6092619392185239,7.246020260492041,28,0.00638742508879879,-0.016629126769931977,-0.6767559741302874,-1.1240022913670553,10642,TCS,4.0,0
-1.746408760437541,-0.2626023784835778,0.4644803608344296,695,0.6100719424460431,7.1122302158273385,20,0.006385892425971771,-0.016513602283632637,-0.6425268956389276,-1.125040934613486,10642,TCS,4.0,20
-1.7690694067023376,-0.267422028419194,0.4704942679947378,691,0.6092619392185239,7.246020260492041,28,0.00638742508879879,-0.016629126769931977,-0.6767559741302874,-1.1240022913670553,10642,TCS,4.0,50
-1.587288215192858,-0.26759205627153854,0.47895132493892123,611,0.646481178396072,8.333878887070377,50,0.0055607865698685515,-0.018450312112855898,-0.6791292059253083,-1.109627515353488,10642,ITC,0.0,0
-1.647801200868884,-0.271932452884291,0.46410449163691037,626,0.6437699680511182,7.881789137380192,20,0.005657137538877714,-0.01846736204315551,-0.6744295330118348,-1.1639657744441263,10642,ITC,0.0,20
-1.587288215192858,-0.26759205627153854,0.47895132493892123,611,0.646481178396072,8.333878887070377,50,0.0055607865698685515,-0.018450312112855898,-0.6791292059253083,-1.109627515353488,10642,ITC,0.0,50
-2.7186567254637213,-0.369176293978563,0.3582033452358579,1242,0.38405797101449274,3.0652173913043477,18,0.00790853537031431,-0.008483533698427251,-1.0930993764791346,-1.624432531177786,10642,ITC,1.0,0
-2.7186567254637213,-0.369176293978563,0.3582033452358579,1242,0.38405797101449274,3.0652173913043477,18,0.00790853537031431,-0.008483533698427251,-1.0930993764791346,-1.624432531177786,10642,ITC,1.0,20
-2.7186567254637213,-0.369176293978563,0.3582033452358579,1242,0.38405797101449274,3.0652173913043477,18,0.00790853537031431,-0.008483533698427251,-1.0930993764791346,-1.624432531177786,10642,ITC,1.0,50
-3.108019493873507,-0.421795904453891,0.39823341477165947,1060,0.47641509433962265,3.9933962264150944,18,0.006915215463036675,-0.012133838422012856,-1.286980800821854,-1.9551157145617606,10642,ITC,1.5,0
-3.108019493873507,-0.421795904453891,0.39823341477165947,1060,0.47641509433962265,3.9933962264150944,18,0.006915215463036675,-0.012133838422012856,-1.286980800821854,-1.9551157145617606,10642,ITC,1.5,20
-3.108019493873507,-0.421795904453891,0.39823341477165947,1060,0.47641509433962265,3.9933962264150944,18,0.006915215463036675,-0.012133838422012856,-1.286980800821854,-1.9551157145617606,10642,ITC,1.5,50
-2.8668893686410186,-0.39814755078630193,0.4283029505732005,915,0.5366120218579234,4.975956284153005,19,0.006342596617137604,-0.014416696371861866,-1.1684372223194317,-1.8300271003354354,10642,ITC,2.0,0
-2.8668893686410186,-0.39814755078630193,0.4283029505732005,915,0.5366120218579234,4.975956284153005,19,0.006342596617137604,-0.014416696371861866,-1.1684372223194317,-1.8300271003354354,10642,ITC,2.0,20
-2.8668893686410186,-0.39814755078630193,0.4283029505732005,915,0.5366120218579234,4.975956284153005,19,0.006342596617137604,-0.014416696371861866,-1.1684372223194317,-1.8300271003354354,10642,ITC,2.0,50
-2.524286423591565,-0.3726404927804125,0.4584664536741214,744,0.5873655913978495,6.551075268817204,26,0.0056603420976279704,-0.016999612913162182,-1.0916073734564382,-1.6537042942209288,10642,ITC,3.0,0
-2.519469030295179,-0.3743518510321173,0.4578086825784627,746,0.5871313672922251,6.524128686327078,20,0.005661856970768688,-0.017008571824393623,-1.08893025267896,-1.6698165160375906,10642,ITC,3.0,20
-2.524286423591565,-0.3726404927804125,0.4584664536741214,744,0.5873655913978495,6.551075268817204,26,0.0056603420976279704,-0.016999612913162182,-1.0916073734564382,-1.6537042942209288,10642,ITC,3.0,50
-2.145665162365234,-0.3351590825346341,0.46645367412140576,672,0.6205357142857143,7.379464285714286,31,0.005643366567817214,-0.018617438186552104,-0.9055227932578312,-1.4886400855331767,10642,ITC,4.0,0
-2.203395762160829,-0.345937434072671,0.46297688404435255,675,0.6192592592592593,7.291851851851852,20,0.005644994534241723,-0.018876496862252488,-0.9600340554165747,-1.5316179228692741,10642,ITC,4.0,20
-2.145665162365234,-0.3351590825346341,0.46645367412140576,672,0.6205357142857143,7.379464285714286,31,0.005643366567817214,-0.018617438186552104,-0.9055227932578312,-1.4886400855331767,10642,ITC,4.0,50
-1.1793702414554545,-0.21637473971735763,0.47707176639934196,559,0.6636851520572451,8.300536672629695,42,0.006392964737198686,-0.01937039784488884,-0.27064386824289455,-0.9992010090954948,9726,LT,0.0,0
-1.2427231291018277,-0.22214489844564894,0.46195763931729383,578,0.6660899653979239,7.773356401384083,20,0.006481546524056035,-0.01973962579969489,-0.2956698206587688,-1.0186825469207723,9726,LT,0.0,20
-1.1793702414554545,-0.21637473971735763,0.47707176639934196,559,0.6636851520572451,8.300536672629695,42,0.006392964737198686,-0.01937039784488884,-0.27064386824289455,-0.9992010090954948,9726,LT,0.0,50
-2.3607144589263322,-0.3442228065176711,0.35831791075467817,1122,0.3939393939393939,3.106060606060606,16,0.00928634583943923,-0.00934951281564097,-0.8406450491834991,-1.4124588044202215,9726,LT,1.0,0
-2.3607144589263322,-0.3442228065176711,0.35831791075467817,1122,0.3939393939393939,3.106060606060606,16,0.00928634583943923,-0.00934951281564097,-0.8406450491834991,-1.4124588044202215,9726,LT,1.0,20
-2.3607144589263322,-0.3442228065176711,0.35831791075467817,1122,0.3939393939393939,3.106060606060606,16,0.00928634583943923,-0.00934951281564097,-0.8406450491834991,-1.4124588044202215,9726,LT,1.0,50
-2.6193598948615033,-0.3804471716742468,0.40324902323668516,946,0.4894291754756871,4.145877378435518,16,0.007969518610121639,-0.01296444514530182,-0.9847228936085521,-1.587216995085908,9726,LT,1.5,0
-2.6193598948615033,-0.3804471716742468,0.40324902323668516,946,0.4894291754756871,4.145877378435518,16,0.007969518610121639,-0.01296444514530182,-0.9847228936085521,-1.587216995085908,9726,LT,1.5,20
-2.6193598948615033,-0.3804471716742468,0.40324902323668516,946,0.4894291754756871,4.145877378435518,16,0.007969518610121639,-0.01296444514530182,-0.9847228936085521,-1.587216995085908,9726,LT,1.5,50
-2.5062864265688756,-0.3794134925440996,0.4281307834669957,816,0.5649509803921569,5.102941176470588,18,0.0073257461025446795,-0.016718197516188662,-0.8538676845360422,-1.7039234804378358,9726,LT,2.0,0
-2.5062864265688756,-0.3794134925440996,0.4281307834669957,816,0.5649509803921569,5.102941176470588,18,0.0073257461025446795,-0.016718197516188662,-0.8538676845360422,-1.7039234804378358,9726,LT,2.0,20
-2.5062864265688756,-0.3794134925440996,0.4281307834669957,816,0.5649509803921569,5.102941176470588,18,0.0073257461025446795,-0.016718197516188662,-0.8538676845360422,-1.7039234804378358,9726,LT,2.0,50
-2.018834725396703,-0.3291617024395979,0.4524984577421345,670,0.6238805970149254,6.568656716417911,28,0.006726149590635141,-0.01961519296392697,-0.7646013546997268,-1.3668967433243813,9726,LT,3.0,0
-2.0069846087875343,-0.32807069967604285,0.4521900061690315,672,0.6235119047619048,6.544642857142857,20,0.006728936860300353,-0.019526828296747914,-0.7646013546997268,-1.356261659911648,9726,LT,3.0,20
-2.018834725396703,-0.3291617024395979,0.4524984577421345,670,0.6238805970149254,6.568656716417911,28,0.006726149590635141,-0.01961519296392697,-0.7646013546997268,-1.3668967433243813,9726,LT,3.0,50
-1.6845688005242745,-0.292369228500243,0.4648365206662554,612,0.6470588235294118,7.387254901960785,28,0.0065670150462804715,-0.02050543383205889,-0.5991484473682183,-1.2294873020294355,9726,LT,4.0,0
-1.6993497277501637,-0.2927480445918331,0.4606210158338474,614,0.6482084690553745,7.296416938110749,20,0.006536985236570102,-0.020560060109357403,-0.5675961015679802,-1.2716567578983176,9726,LT,4.0,20
-1.6845688005242745,-0.292369228500243,0.4648365206662554,612,0.6470588235294118,7.387254901960785,28,0.0065670150462804715,-0.02050543383205889,-0.5991484473682183,-1.2294873020294355,9726,LT,4.0,50
-0.895930581243593,-0.20505191917555293,0.489749858943013,627,0.6586921850079744,8.304625199362041,47,0.007851061677193764,-0.020971448786447234,-0.20449536772222004,-1.040906199896464,10634,AXISBANK,0.0,0
-0.9171990380047013,-0.20529683186234932,0.47404551438781267,643,0.6578538102643857,7.838258164852255,20,0.007936427746822499,-0.020982689433225954,-0.2468180542120535,-1.0122646841917398,10634,AXISBANK,0.0,20
-0.895930581243593,-0.20505191917555293,0.489749858943013,627,0.6586921850079744,8.304625199362041,47,0.007851061677193764,-0.020971448786447234,-0.20449536772222004,-1.040906199896464,10634,AXISBANK,0.0,50
-1.8469605737799306,-0.32928969581411255,0.37145006582659396,1236,0.4077669902912621,3.1949838187702264,15,0.011295343674539196,-0.010932837785468648,-0.6763455434850845,-1.6336385035102094,10634,AXISBANK,1.0,0
-1.8469605737799306,-0.32928969581411255,0.37145006582659396,1236,0.4077669902912621,3.1949838187702264,15,0.011295343674539196,-0.010932837785468648,-0.6763455434850845,-1.6336385035102094,10634,AXISBANK,1.0,20
-1.8469605737799306,-0.32928969581411255,0.37145006582659396,1236,0.4077669902912621,3.1949838187702264,15,0.011295343674539196,-0.010932837785468648,-0.6763455434850845,-1.6336385035102094,10634,AXISBANK,1.0,50
-2.262525571894308,-0.4000486193238204,0.4131088959939816,1036,0.5019305019305019,4.239382239382239,19,0.009919916408325775,-0.015740980617521452,-0.9749221304848877,-1.9890673358267794,10634,AXISBANK,1.5,0
-2.262525571894308,-0.4000486193238204,0.4131088959939816,1036,0.5019305019305019,4.239382239382239,19,0.009919916408325775,-0.015740980617521452,-0.9749221304848877,-1.9890673358267794,10634,AXISBANK,1.5,20
-2.262525571894308,-0.4000486193238204,0.4131088959939816,1036,0.5019305019305019,4.239382239382239,19,0.009919916408325775,-0.015740980617521452,-0.9749221304848877,-1.9890673358267794,10634,AXISBANK,1.5,50
-2.0065847988630265,-0.3758531577511538,0.43990972352830543,893,0.5621500559910414,5.237402015677492,19,0.009133055173674262,-0.01866646391418552,-0.9073587968410777,-1.8064348964209815,10634,AXISBANK,2.0,0
-2.0065847988630265,-0.3758531577511538,0.43990972352830543,893,0.5621500559910414,5.237402015677492,19,0.009133055173674262,-0.01866646391418552,-0.9073587968410777,-1.8064348964209815,10634,AXISBANK,2.0,20
-2.0065847988630265,-0.3758531577511538,0.43990972352830543,893,0.5621500559910414,5.237402015677492,19,0.009133055173674262,-0.01866646391418552,-0.9073587968410777,-1.8064348964209815,10634,AXISBANK,2.0,50
-1.6175991092662514,-0.32753410264668137,0.46577017114914426,743,0.6123822341857336,6.664872139973082,27,0.008282557963500622,-0.020937372660153643,-0.6684708392504757,-1.5929286134809901,10634,AXISBANK,3.0,0
-1.5937622114921766,-0.32385662224228157,0.46577017114914426,745,0.6134228187919463,6.646979865771812,20,0.00829311363995047,-0.02089605760757552,-0.6537415210616017,-1.5743701364627833,10634,AXISBANK,3.0,20
-1.6175991092662514,-0.32753410264668137,0.46577017114914426,743,0.6123822341857336,6.664872139973082,27,0.008282557963500622,-0.020937372660153643,-0.6684708392504757,-1.5929286134809901,10634,AXISBANK,3.0,50
-1.2055069604884086,-0.2592035911963064,0.4783712619898439,676,0.636094674556213,7.523668639053255,31,0.008027956649812708,-0.0208903544366619,-0.4247999760107823,-1.2622058559885823,10634,AXISBANK,4.0,0
-1.221631899476589,-0.26116088247805264,0.4718826405867971,679,0.6362297496318114,7.388807069219441,20,0.007984946288052538,-0.020850844683811466,-0.437304986085665,-1.2633568543770708,10634,AXISBANK,4.0,20
-1.2055069604884086,-0.2592035911963064,0.4783712619898439,676,0.636094674556213,7.523668639053255,31,0.008027956649812708,-0.0208903544366619,-0.4247999760107823,-1.2622058559885823,10634,AXISBANK,4.0,50
-0.5093493792044993,-0.11382034260885206,0.4643863935350498,640,0.6828125,7.721875,42,0.007053788694199691,-0.018255354154151065,-0.14709159714473805,-0.47623963678266296,10642,KOTAKBANK,0.0,0
-0.5579777638814947,-0.11791422087869356,0.4441834241683894,651,0.6804915514592934,7.261136712749616,20,0.007125111366893463,-0.018361669291378134,-0.17975488685437596,-0.48304799021847233,10642,KOTAKBANK,0.0,20
-0.5093493792044993,-0.11382034260885206,0.4643863935350498,640,0.6828125,7.721875,42,0.007053788694199691,-0.018255354154151065,-0.14709159714473805,-0.47623963678266296,10642,KOTAKBANK,0.0,50
-1.225322335939324,-0.20297328811699583,0.35294117647058826,1207,0.4266777133388567,3.111847555923778,18,0.009793239107895096,-0.00915379218656135,-0.4377863159702322,-0.8531197365642471,10642,KOTAKBANK,1.0,0
-1.225322335939324,-0.20297328811699583,0.35294117647058826,1207,0.4266777133388567,3.111847555923778,18,0.009793239107895096,-0.00915379218656135,-0.4377863159702322,-0.8531197365642471,10642,KOTAKBANK,1.0,20
-1.225322335939324,-0.20297328811699583,0.35294117647058826,1207,0.4266777133388567,3.111847555923778,18,0.009793239107895096,-0.00915379218656135,-0.4377863159702322,-0.8531197365642471,10642,KOTAKBANK,1.0,50
-1.5574180157418118,-0.256185321159757,0.39287727870700995,1035,0.5169082125603864,4.039613526570048,18,0.008644219941917537,-0.012661584165552537,-0.6998608577657704,-1.0062735560846154,10642,KOTAKBANK,1.5,0
-1.5574180157418118,-0.256185321159757,0.39287727870700995,1035,0.5169082125603864,4.039613526570048,18,0.008644219941917537,-0.012661584165552537,-0.6998608577657704,-1.0062735560846154,10642,KOTAKBANK,1.5,20
-1.5574180157418118,-0.256185321159757,0.39287727870700995,1035,0.5169082125603864,4.039613526570048,18,0.008644219941917537,-0.012661584165552537,-0.6998608577657704,-1.0062735560846154,10642,KOTAKBANK,1.5,50
-1.4859746750780145,-0.2564666251058334,0.41890622063521893,902,0.5864745011086474,4.942350332594235,19,0.00781330616727007,-0.015642856081225415,-0.724958226208434,-0.9765881296027779,10642,KOTAKBANK,2.0,0
-1.4859746750780145,-0.2564666251058334,0.41890622063521893,902,0.5864745011086474,4.942350332594235,19,0.00781330616727007,-0.015642856081225415,-0.724958226208434,-0.9765881296027779,10642,KOTAKBANK,2.0,20
-1.4859746750780145,-0.2564666251058334,0.41890622063521893,902,0.5864745011086474,4.942350332594235,19,0.00781330616727007,-0.015642856081225415,-0.724958226208434,-0.9765881296027779,10642,KOTAKBANK,2.0,50
-0.999609401381584,-0.19067725151091858,0.4400488629956775,749,0.6341789052069426,6.252336448598131,27,0.007348493885689172,-0.017037087761362323,-0.44501925477454135,-0.7326081961363782,10642,KOTAKBANK,3.0,0
-0.9954051830641655,-0.19000202424495227,0.43901522270249954,749,0.6341789052069426,6.237650200267023,20,0.007348493885689172,-0.017020345669405176,-0.43498056333602686,-0.7380595543786344,10642,KOTAKBANK,3.0,20
-0.999609401381584,-0.19067725151091858,0.4400488629956775,749,0.6341789052069426,6.252336448598131,27,0.007348493885689172,-0.017037087761362323,-0.44501925477454135,-0.7326081961363782,10642,KOTAKBANK,3.0,50
-0.7644524563278047,-0.1545690483788567,0.45113700432249576,682,0.658357771260997,7.03958944281525,30,0.007082450272158954,-0.017579458542108052,-0.25071820707984593,-0.6652754610319591,10642,KOTAKBANK,4.0,0
-0.8256317875569401,-0.1639014204597679,0.44455929336590866,685,0.6598540145985401,6.906569343065693,20,0.007094067809945631,-0.01796615324303908,-0.32440214337599727,-0.655192912156683,10642,KOTAKBANK,4.0,20
-0.7644524563278047,-0.1545690483788567,0.45113700432249576,682,0.658357771260997,7.03958944281525,30,0.007082450272158954,-0.017579458542108052,-0.25071820707984593,-0.6652754610319591,10642,KOTAKBANK,4.0,50
-0.36660638465516554,-0.10445235206584282,0.47354571938727563,673,0.6968796433878157,7.487369985141159,68,0.008329447891708489,-0.02187704630768023,0.35476117831482135,-0.9111675638703062,10641,BHARTIARTL,0.0,0
-0.239149100133784,-0.07581097097129753,0.45672399210600506,690,0.6971014492753623,7.043478260869565,20,0.008447492542122848,-0.021111188797722797,0.3594704362400669,-0.7084649822030421,10641,BHARTIARTL,0.0,20
-0.358252486415965,-0.10260737470750736,0.47185414904614226,673,0.6968796433878157,7.460624071322437,50,0.008329447891708489,-0.021801062357237302,0.35476117831482135,-0.8956668379799488,10641,BHARTIARTL,0.0,50
-1.5588860402328157,-0.286794385912794,0.3585189361902077,1272,0.4261006289308176,2.9992138364779874,15,0.011241453600176537,-0.010990888296397296,-0.371887796477807,-1.5585928085965377,10641,BHARTIARTL,1.0,0
-1.5588860402328157,-0.286794385912794,0.3585189361902077,1272,0.4261006289308176,2.9992138364779874,15,0.011241453600176537,-0.010990888296397296,-0.371887796477807,-1.5585928085965377,10641,BHARTIARTL,1.0,20
-1.5588860402328157,-0.286794385912794,0.3585189361902077,1272,0.4261006289308176,2.9992138364779874,15,0.011241453600176537,-0.010990888296397296,-0.371887796477807,-1.5585928085965377,10641,BHARTIARTL,1.0,50
-1.4937375729615254,-0.2844082236622206,0.39930457663753405,1088,0.5284926470588235,3.905330882352941,16,0.010338532224745891,-0.015299507027389907,-0.3744594468320972,-1.5295316289900383,10641,BHARTIARTL,1.5,0
-1.4937375729615254,-0.2844082236622206,0.39930457663753405,1088,0.5284926470588235,3.905330882352941,16,0.010338532224745891,-0.015299507027389907,-0.3744594468320972,-1.5295316289900383,10641,BHARTIARTL,1.5,20
-1.4937375729615254,-0.2844082236622206,0.39930457663753405,1088,0.5284926470588235,3.905330882352941,16,0.010338532224745891,-0.015299507027389907,-0.3744594468320972,-1.5295316289900383,10641,BHARTIARTL,1.5,50
-1.7424143970119337,-0.33069916611733935,0.42110703881214173,965,0.5948186528497409,4.6435233160621765,17,0.009432874250368806,-0.019747712620431495,-0.5503445718190312,-1.7565412430579885,10641,BHARTIARTL,2.0,0
-1.7424143970119337,-0.33069916611733935,0.42110703881214173,965,0.5948186528497409,4.6435233160621765,17,0.009432874250368806,-0.019747712620431495,-0.5503445718190312,-1.7565412430579885,10641,BHARTIARTL,2.0,20
-1.7424143970119337,-0.33069916611733935,0.42110703881214173,965,0.5948186528497409,4.6435233160621765,17,0.009432874250368806,-0.019747712620431495,-0.5503445718190312,-1.7565412430579885,10641,BHARTIARTL,2.0,50
-1.1796737924333234,-0.24804474320639577,0.4469504745794568,793,0.6519546027742749,5.997477931904162,22,0.008713151601611539,-0.02211169075273592,-0.26837108047836034,-1.3297561892435883,10641,BHARTIARTL,3.0,0
-1.1908281063069683,-0.24984562561049622,0.44666854618926793,793,0.6519546027742749,5.993694829760403,20,0.008713151601611539,-0.02216636693597968,-0.272257026970602,-1.3409608693266237,10641,BHARTIARTL,3.0,20
-1.1796737924333234,-0.24804474320639577,0.4469504745794568,793,0.6519546027742749,5.997477931904162,22,0.008713151601611539,-0.02211169075273592,-0.26837108047836034,-1.3297561892435883,10641,BHARTIARTL,3.0,50
-0.8919786012008565,-0.2042528296890763,0.4579456817968236,737,0.6729986431478969,6.611940298507463,28,0.008449651886844734,-0.02263824654191924,0.04761902301251553,-1.3124091037400647,10641,BHARTIARTL,4.0,0
-0.8294377245336625,-0.19250148971793743,0.45522037402499765,740,0.6743243243243243,6.545945945945946,20,0.00854637853477391,-0.022576565163245826,0.07857357210141264,-1.254882887591477,10641,BHARTIARTL,4.0,20
-0.8919786012008565,-0.2042528296890763,0.4579456817968236,737,0.6729986431478969,6.611940298507463,28,0.008449651886844734,-0.02263824654191924,0.04761902301251553,-1.3124091037400647,10641,BHARTIARTL,4.0,50
-1.6302546980231627,-0.33791839302254756,0.476038338658147,547,0.5978062157221207,9.261425959780622,43,0.008352876314551295,-0.02315037219232744,-0.7352025481143789,-1.6264887793393843,10642,SBIN,0.0,0
-1.6821630258171756,-0.34192022939788075,0.46109753805675624,571,0.6007005253940455,8.59369527145359,20,0.008573395897189145,-0.02337935174468824,-0.794219514638107,-1.595597890414934,10642,SBIN,0.0,20
-1.6302546980231627,-0.33791839302254756,0.476038338658147,547,0.5978062157221207,9.261425959780622,43,0.008352876314551295,-0.02315037219232744,-0.7352025481143789,-1.6264887793393843,10642,SBIN,0.0,50
-2.5803214721713554,-0.4306114708013596,0.35312911106934786,1155,0.3619047619047619,3.2536796536796535,16,0.01162776418972431,-0.01104974972178443,-1.355937059426851,-1.9273230542235131,10642,SBIN,1.0,0
-2.5803214721713554,-0.4306114708013596,0.35312911106934786,1155,0.3619047619047619,3.2536796536796535,16,0.01162776418972431,-0.01104974972178443,-1.355937059426851,-1.9273230542235131,10642,SBIN,1.0,20
-2.5803214721713554,-0.4306114708013596,0.35312911106934786,1155,0.3619047619047619,3.2536796536796535,16,0.01162776418972431,-0.01104974972178443,-1.355937059426851,-1.9273230542235131,10642,SBIN,1.0,50
-3.019486711924454,-0.48571166112973047,0.39522646119150534,957,0.46499477533960293,4.394984326018808,21,0.00992512354365954,-0.016249227795998505,-1.6783822830029824,-2.224542371619755,10642,SBIN,1.5,0
-3.0115983753384734,-0.4848833895676691,0.39522646119150534,958,0.46555323590814196,4.390396659707725,20,0.00991931547665169,-0.016244376322372786,-1.6783822830029824,-2.21472369146523,10642,SBIN,1.5,20
-3.019486711924454,-0.48571166112973047,0.39522646119150534,957,0.46499477533960293,4.394984326018808,21,0.00992512354365954,-0.016249227795998505,-1.6783822830029824,-2.224542371619755,10642,SBIN,1.5,50
-2.6318223172983517,-0.44457442355631765,0.42717534298064275,829,0.5331724969843185,5.4837153196622435,21,0.009211012667790511,-0.019417077156067268,-1.3325901130961006,-2.1105511471385277,10642,SBIN,2.0,0
-2.622470114830917,-0.44348229082706575,0.42717534298064275,830,0.5337349397590362,5.47710843373494,20,0.00920677725693355,-0.019405076805884727,-1.3325901130961006,-2.098572285959725,10642,SBIN,2.0,20
-2.6318223172983517,-0.44457442355631765,0.42717534298064275,829,0.5331724969843185,5.4837153196622435,21,0.009211012667790511,-0.019417077156067268,-1.3325901130961006,-2.1105511471385277,10642,SBIN,2.0,50
-2.3350719742473225,-0.42018198103381593,0.4526404811125728,677,0.5760709010339734,7.115214180206794,25,0.008686740883553003,-0.022917450382103088,-1.0805255062156547,-2.10895380886226,10642,SBIN,3.0,0
-2.325012858047843,-0.41867403530011343,0.4512309716218756,678,0.5766961651917404,7.0825958702064895,20,0.008683283044101863,-0.0228932218137573,-1.0525926142871374,-2.122598376017379,10642,SBIN,3.0,20
-2.3350719742473225,-0.42018198103381593,0.4526404811125728,677,0.5760709010339734,7.115214180206794,25,0.008686740883553003,-0.022917450382103088,-1.0805255062156547,-2.10895380886226,10642,SBIN,3.0,50
-2.110988171227968,-0.3948521997177539,0.4639165570381507,600,0.5883333333333334,8.228333333333333,30,0.008390241589619356,-0.02377042846196256,-1.0239072679852128,-1.8856332809839071,10642,SBIN,4.0,0
-2.0503714743064125,-0.38626407742948177,0.4583724863747416,607,0.5881383855024712,8.036243822075782,20,0.008551491536745982,-0.023515480184601676,-0.9566434232484259,-1.8693441442836767,10642,SBIN,4.0,20
-2.110988171227968,-0.3948521997177539,0.4639165570381507,600,0.5883333333333334,8.228333333333333,30,0.008390241589619356,-0.02377042846196256,-1.0239072679852128,-1.8856332809839071,10642,SBIN,4.0,50
-1.7618660230943908,-0.3064057238377869,0.5028190189813945,628,0.6719745222929936,8.520700636942674,58,0.0065799650772144025,-0.023821629281716186,-0.6163775878571377,-1.5141327815919192,10642,MARUTI,0.0,0
-1.781067789031764,-0.30501697636494207,0.48599887239240747,657,0.6666666666666666,7.872146118721461,20,0.006776807940845287,-0.023210073140229655,-0.6401144160449274,-1.4746497235751301,10642,MARUTI,0.0,20
-1.75965856700899,-0.3060444548416583,0.502067280586356,628,0.6719745222929936,8.507961783439491,50,0.0065799650772144025,-0.02380532181421692,-0.6163775878571377,-1.5107734432870699,10642,MARUTI,0.0,50
-2.887332556542366,-0.41037401489399344,0.383668483367788,1259,0.37887212073073867,3.243050039714059,15,0.00869716945959174,-0.009284174757910366,-1.2815511226652216,-1.8301237057954247,10642,MARUTI,1.0,0
-2.887332556542366,-0.41037401489399344,0.383668483367788,1259,0.37887212073073867,3.243050039714059,15,0.00869716945959174,-0.009284174757910366,-1.2815511226652216,-1.8301237057954247,10642,MARUTI,1.0,20
-2.887332556542366,-0.41037401489399344,0.383668483367788,1259,0.37887212073073867,3.243050039714059,15,0.00869716945959174,-0.009284174757910366,-1.2815511226652216,-1.8301237057954247,10642,MARUTI,1.0,50
-3.0979886044127802,-0.43852036612152795,0.42059763202405565,1078,0.4805194805194805,4.1521335807050095,16,0.007780717176108353,-0.013287682003318936,-1.2991103826003538,-2.1115800420341246,10642,MARUTI,1.5,0
-3.0979886044127802,-0.43852036612152795,0.42059763202405565,1078,0.4805194805194805,4.1521335807050095,16,0.007780717176108353,-0.013287682003318936,-1.2991103826003538,-2.1115800420341246,10642,MARUTI,1.5,20
-3.0979886044127802,-0.43852036612152795,0.42059763202405565,1078,0.4805194805194805,4.1521335807050095,16,0.007780717176108353,-0.013287682003318936,-1.2991103826003538,-2.1115800420341246,10642,MARUTI,1.5,50
-3.0831605190153835,-0.44594487862522536,0.4483179853411013,949,0.5374077976817703,5.027397260273973,18,0.007380758507141187,-0.016529079311477263,-1.4836389947491653,-2.008439984347347,10642,MARUTI,2.0,0
-3.0831605190153835,-0.44594487862522536,0.4483179853411013,949,0.5374077976817703,5.027397260273973,18,0.007380758507141187,-0.016529079311477263,-1.4836389947491653,-2.008439984347347,10642,MARUTI,2.0,20
-3.0831605190153835,-0.44594487862522536,0.4483179853411013,949,0.5374077976817703,5.027397260273973,18,0.007380758507141187,-0.016529079311477263,-1.4836389947491653,-2.008439984347347,10642,MARUTI,2.0,50
-2.6737605251951324,-0.41123636164554156,0.4770719789513249,773,0.6041397153945667,6.567917205692108,23,0.006660713107500962,-0.020390474912669296,-1.149821988237695,-1.979110313836161,10642,MARUTI,3.0,0
-2.6690338569523524,-0.4106125705152872,0.47650817515504607,773,0.6041397153945667,6.560155239327297,20,0.006655554472763394,-0.02036213997519214,-1.149821988237695,-1.9728489053905944,10642,MARUTI,3.0,20
-2.6737605251951324,-0.41123636164554156,0.4770719789513249,773,0.6041397153945667,6.567917205692108,23,0.006660713107500962,-0.020390474912669296,-1.149821988237695,-1.979110313836161,10642,MARUTI,3.0,50
-2.292065405497475,-0.3726711176304671,0.4891937605713212,700,0.6385714285714286,7.437142857142857,32,0.006517497001610257,-0.022360980433071557,-0.916231945922503,-1.8277749439248154,10642,MARUTI,4.0,0
-2.21607143401135,-0.3619993886956033,0.4855290358955084,706,0.6388101983002833,7.318696883852692,20,0.006612272815149512,-0.022026083311642936,-0.9005737504714029,-1.7339424543651156,10642,MARUTI,4.0,20
-2.292065405497475,-0.3726711176304671,0.4891937605713212,700,0.6385714285714286,7.437142857142857,32,0.006517497001610257,-0.022360980433071557,-0.916231945922503,-1.8277749439248154,10642,MARUTI,4.0,50
-0.23637408507726115,-0.04777192367825019,0.4623191129486939,671,0.7049180327868853,7.332339791356185,55,0.005889021027940795,-0.015205112556825067,0.13353243308485385,-0.35863777312022027,10642,HINDUNILVR,0.0,0
-0.2774377128565318,-0.0530435860229283,0.4465326066528848,684,0.7046783625730995,6.947368421052632,20,0.005892400246507777,-0.015328501092394321,0.10035618727916812,-0.3565764891260733,10642,HINDUNILVR,0.0,20
-0.24279716808152266,-0.04871297516495545,0.4614734072542755,671,0.7049180327868853,7.31892697466468,50,0.005889021027940795,-0.015238174339725704,0.13353243308485385,-0.3651840061345464,10642,HINDUNILVR,0.0,50
-1.8433693249164822,-0.24154133089695823,0.3440142830295057,1222,0.4165302782324059,2.995908346972177,17,0.008009688601438332,-0.007978770072406037,-0.6127561897461298,-0.9991753737472641,10642,HINDUNILVR,1.0,0
-1.8433693249164822,-0.24154133089695823,0.3440142830295057,1222,0.4165302782324059,2.995908346972177,17,0.008009688601438332,-0.007978770072406037,-0.6127561897461298,-0.9991753737472641,10642,HINDUNILVR,1.0,20
-1.8433693249164822,-0.24154133089695823,0.3440142830295057,1222,0.4165302782324059,2.995908346972177,17,0.008009688601438332,-0.007978770072406037,-0.6127561897461298,-0.9991753737472641,10642,HINDUNILVR,1.0,50
-1.8667991596633755,-0.2520823500500639,0.39024619432437513,1026,0.5311890838206628,4.0477582846003894,19,0.007043017066011565,-0.011502084028584986,-0.5498585673146418,-1.1441995494584338,10642,HINDUNILVR,1.5,0
-1.8667991596633755,-0.2520823500500639,0.39024619432437513,1026,0.5311890838206628,4.0477582846003894,19,0.007043017066011565,-0.011502084028584986,-0.5498585673146418,-1.1441995494584338,10642,HINDUNILVR,1.5,20
-1.8667991596633755,-0.2520823500500639,0.39024619432437513,1026,0.5311890838206628,4.0477582846003894,19,0.007043017066011565,-0.011502084028584986,-0.5498585673146418,-1.1441995494584338,10642,HINDUNILVR,1.5,50
-1.538107630793324,-0.2209211802073854,0.4191881225333584,912,0.6052631578947368,4.891447368421052,19,0.00648268620122823,-0.013945080481660481,-0.4735396481979287,-0.9682465421218613,10642,HINDUNILVR,2.0,0
-1.538107630793324,-0.2209211802073854,0.4191881225333584,912,0.6052631578947368,4.891447368421052,19,0.00648268620122823,-0.013945080481660481,-0.4735396481979287,-0.9682465421218613,10642,HINDUNILVR,2.0,20
-1.538107630793324,-0.2209211802073854,0.4191881225333584,912,0.6052631578947368,4.891447368421052,19,0.00648268620122823,-0.013945080481660481,-0.4735396481979287,-0.9682465421218613,10642,HINDUNILVR,2.0,50
-0.8454341107582493,-0.13471174834190736,0.44559293365908664,762,0.6719160104986877,6.223097112860892,23,0.006039669686400698,-0.015577053474895885,-0.11641015033960944,-0.6855423389472046,10642,HINDUNILVR,3.0,0
-0.8147048360098016,-0.13048198876847383,0.4447472279646683,762,0.6719160104986877,6.211286089238845,20,0.006034006105772089,-0.015444160809165833,-0.1114942539897733,-0.6601348221463752,10642,HINDUNILVR,3.0,20
-0.8454341107582493,-0.13471174834190736,0.44559293365908664,762,0.6719160104986877,6.223097112860892,23,0.006039669686400698,-0.015577053474895885,-0.11641015033960944,-0.6855423389472046,10642,HINDUNILVR,3.0,50
-0.6068495213019681,-0.10173051209334952,0.4518887427175343,712,0.6938202247191011,6.754213483146067,27,0.0059865065220540675,-0.016203028067662304,0.036794566092696324,-0.6117204629483695,10642,HINDUNILVR,4.0,0
-0.6309267476070544,-0.10453209902886751,0.4476602142454426,713,0.6942496493688639,6.681626928471248,20,0.0059719295205066915,-0.016283602975232323,0.0169716611331866,-0.6106919970830211,10642,HINDUNILVR,4.0,20
-0.6068495213019681,-0.10173051209334952,0.4518887427175343,712,0.6938202247191011,6.754213483146067,27,0.0059865065220540675,-0.016203028067662304,0.036794566092696324,-0.6117204629483695,10642,HINDUNILVR,4.0,50
-0.7551743461443438,-0.14723477794909554,0.484504132231405,669,0.70254110612855,7.7025411061285505,59,0.006627814231093853,-0.019928359764164218,-0.23754014666777115,-0.6131307577867966,10648,ASIANPAINT,0.0,0
-0.7662098489894045,-0.14705901439629132,0.4691960931630353,691,0.6989869753979739,7.221418234442837,20,0.006709843566101654,-0.019664992630528285,-0.21764759805190131,-0.6318164266708827,10648,ASIANPAINT,0.0,20
-0.749824883556255,-0.14636362508071973,0.48431630353117955,670,0.7029850746268657,7.688059701492537,50,0.006631867022486426,-0.01994185323833424,-0.23754014666777115,-0.6072792801696348,10648,ASIANPAINT,0.0,50
-1.759869151310442,-0.27081001859782505,0.36654770848985724,1278,0.41001564945226915,3.0524256651017216,19,0.009254892541576402,-0.008857195832593213,-0.6940166852983243,-1.1347452806909228,10648,ASIANPAINT,1.0,0
-1.759869151310442,-0.27081001859782505,0.36654770848985724,1278,0.41001564945226915,3.0524256651017216,19,0.009254892541576402,-0.008857195832593213,-0.6940166852983243,-1.1347452806909228,10648,ASIANPAINT,1.0,20
-1.759869151310442,-0.27081001859782505,0.36654770848985724,1278,0.41001564945226915,3.0524256651017216,19,0.009254892541576402,-0.008857195832593213,-0.6940166852983243,-1.1347452806909228,10648,ASIANPAINT,1.0,50
-2.0671814478381787,-0.31276333814452373,0.41453794139744554,1090,0.5100917431192661,4.045871559633028,17,0.008079214898408611,-0.012478997923744269,-0.8209698947571871,-1.3507715130070639,10648,ASIANPAINT,1.5,0
-2.0671814478381787,-0.31276333814452373,0.41453794139744554,1090,0.5100917431192661,4.045871559633028,17,0.008079214898408611,-0.012478997923744269,-0.8209698947571871,-1.3507715130070639,10648,ASIANPAINT,1.5,20
-2.0671814478381787,-0.31276333814452373,0.41453794139744554,1090,0.5100917431192661,4.045871559633028,17,0.008079214898408611,-0.012478997923744269,-0.8209698947571871,-1.3507715130070639,10648,ASIANPAINT,1.5,50
-1.8342496685057534,-0.29111500355408976,0.43839218632607063,943,0.5821845174973489,4.945917285259809,21,0.0072250303518383956,-0.015093061160300285,-0.8474649288503004,-1.132659505148733,10648,ASIANPAINT,2.0,0
-1.83465675319674,-0.29116650965496815,0.43829827197595794,943,0.5821845174973489,4.944856839872746,20,0.0072250303518383956,-0.015094201765637772,-0.8474649288503004,-1.1331089036517024,10648,ASIANPAINT,2.0,20
-1.8342496685057534,-0.29111500355408976,0.43839218632607063,943,0.5821845174973489,4.945917285259809,21,0.0072250303518383956,-0.015093061160300285,-0.8474649288503004,-1.132659505148733,10648,ASIANPAINT,2.0,50
-1.4448516198114298,-0.2441120978495609,0.46374906085649886,789,0.6514575411913816,6.253485424588086,23,0.006726746706356227,-0.018351917848909233,-0.6080201366576965,-0.9812094647252411,10648,ASIANPAINT,3.0,0
-1.4373070334970248,-0.24307163109705388,0.46384297520661155,790,0.6518987341772152,6.246835443037975,20,0.006730261137949702,-0.01835242326405574,-0.6080201366576965,-0.9728117749135349,10648,ASIANPAINT,3.0,20
-1.4448516198114298,-0.2441120978495609,0.46374906085649886,789,0.6514575411913816,6.253485424588086,23,0.006726746706356227,-0.018351917848909233,-0.6080201366576965,-0.9812094647252411,10648,ASIANPAINT,3.0,50
-1.1341264618216331,-0.20182673481507446,0.47370398196844477,714,0.6820728291316527,7.056022408963585,33,0.0066752872856696045,-0.01981590978325068,-0.46215332645948937,-0.7851932862173175,10648,ASIANPAINT,4.0,0
-1.1167888434401838,-0.19813144769917027,0.47041697971450036,722,0.682825484764543,6.929362880886426,20,0.00674379112686807,-0.019834879666132885,-0.4192986826988351,-0.7981997352996371,10648,ASIANPAINT,4.0,20
-1.1341264618216331,-0.20182673481507446,0.47370398196844477,714,0.6820728291316527,7.056022408963585,33,0.0066752872856696045,-0.01981590978325068,-0.46215332645948937,-0.7851932862173175,10648,ASIANPAINT,4.0,50
-1.6442821690605114,-0.3551133129268468,0.4950954540660268,546,0.6428571428571429,8.591575091575091,58,0.008077288192184503,-0.02630052848163437,-0.44354848025442994,-1.8499264182075117,9481,BAJFINANCE,0.0,0
-1.7262114586276789,-0.36077955230701414,0.47452800337517137,558,0.6379928315412187,8.057347670250897,20,0.008090286776424312,-0.02576136108203778,-0.5504192404029298,-1.773233605761647,9481,BAJFINANCE,0.0,20
-1.6472184036319402,-0.35538516159105304,0.4942516612171712,546,0.6428571428571429,8.576923076923077,50,0.008077288192184503,-0.02631782465386368,-0.44354848025442994,-1.8532991717922271,9481,BAJFINANCE,0.0,50
-2.8845195282748004,-0.4851981289896255,0.3667334669338677,1072,0.37779850746268656,3.2406716417910446,16,0.011675750991156324,-0.012268887580351766,-1.4445041034031258,-2.0101647612731917,9481,BAJFINANCE,1.0,0
-2.8845195282748004,-0.4851981289896255,0.3667334669338677,1072,0.37779850746268656,3.2406716417910446,16,0.011675750991156324,-0.012268887580351766,-1.4445041034031258,-2.0101647612731917,9481,BAJFINANCE,1.0,20
-2.8845195282748004,-0.4851981289896255,0.3667334669338677,1072,0.37779850746268656,3.2406716417910446,16,0.011675750991156324,-0.012268887580351766,-1.4445041034031258,-2.0101647612731917,9481,BAJFINANCE,1.0,50
-2.954324922102168,-0.5107897970863209,0.4118763843476427,914,0.4814004376367615,4.269146608315099,17,0.01021626963593526,-0.017351225775050452,-1.3373884964429066,-2.3919338811194963,9481,BAJFINANCE,1.5,0
-2.954324922102168,-0.5107897970863209,0.4118763843476427,914,0.4814004376367615,4.269146608315099,17,0.01021626963593526,-0.017351225775050452,-1.3373884964429066,-2.3919338811194963,9481,BAJFINANCE,1.5,20
-2.954324922102168,-0.5107897970863209,0.4118763843476427,914,0.4814004376367615,4.269146608315099,17,0.01021626963593526,-0.017351225775050452,-1.3373884964429066,-2.3919338811194963,9481,BAJFINANCE,1.5,50
-2.9858400264290283,-0.5184412823650006,0.4427802974369792,793,0.5245901639344263,5.290037831021437,21,0.008960142599984493,-0.020042501859049003,-1.437455973473106,-2.391147905794818,9481,BAJFINANCE,2.0,0
-2.9902106772651473,-0.5189172568246311,0.44267482333087227,793,0.5245901639344263,5.288776796973519,20,0.008960142599984493,-0.02005691861939561,-1.437455973473106,-2.3965830244454893,9481,BAJFINANCE,2.0,20
-2.9858400264290283,-0.5184412823650006,0.4427802974369792,793,0.5245901639344263,5.290037831021437,21,0.008960142599984493,-0.020042501859049003,-1.437455973473106,-2.391147905794818,9481,BAJFINANCE,2.0,50
-2.3608219415158387,-0.449658902984121,0.4680940829026474,654,0.591743119266055,6.781345565749236,23,0.00824399076763074,-0.023604829013507647,-1.0435422017864933,-2.068522717746953,9481,BAJFINANCE,3.0,0
-2.3648632506596385,-0.45002383992255474,0.46735576415989877,654,0.591743119266055,6.770642201834862,20,0.00824399076763074,-0.023617814155843835,-1.0435422017864933,-2.071989750750715,9481,BAJFINANCE,3.0,20
-2.3608219415158387,-0.449658902984121,0.4680940829026474,654,0.591743119266055,6.781345565749236,23,0.00824399076763074,-0.023604829013507647,-1.0435422017864933,-2.068522717746953,9481,BAJFINANCE,3.0,50
-2.023845053702269,-0.40606380503745454,0.47758675245227294,599,0.6143572621035058,7.554257095158597,30,0.008139173467692414,-0.024702386833925866,-0.8788174346437199,-1.8322180878823469,9481,BAJFINANCE,4.0,0
-2.127752305580728,-0.42041009095902626,0.4725239953591393,601,0.6139767054908486,7.449251247920133,20,0.00815724003955287,-0.02519652078857573,-0.9458969719424706,-1.88967427641209,9481,BAJFINANCE,4.0,20
-2.023845053702269,-0.40606380503745454,0.47758675245227294,599,0.6143572621035058,7.554257095158597,30,0.008139173467692414,-0.024702386833925866,-0.8788174346437199,-1.8322180878823469,9481,BAJFINANCE,4.0,50
