inst,horizon,event,subset,n,fade_excess,t
NIFTY,5,lower touch,all,3005,-0.0006059093055946405,-1.5915604634908995
NIFTY,5,lower touch,blue inside,2739,-0.0005368370973295938,-1.415524255583294
NIFTY,5,upper touch,all,2985,-0.0003561448415305807,-1.1641451975898391
NIFTY,5,upper touch,blue inside,2740,-0.0002804733495016633,-0.8925979940182479
NIFTY,10,lower touch,all,3005,-0.0005791892043414508,-0.7446615197391373
NIFTY,10,lower touch,blue inside,2739,-0.0006577494033142172,-0.859664098267755
NIFTY,10,upper touch,all,2985,-0.0007267110033651534,-1.1529781147411478
NIFTY,10,upper touch,blue inside,2740,-0.0005713834029239402,-0.8878671159672867
NIFTY,20,lower touch,all,3001,-0.000520824262244649,-0.3090237406315425
NIFTY,20,lower touch,blue inside,2735,-0.000496107168096539,-0.3198945831744195
NIFTY,20,upper touch,all,2985,-0.0006997920854631253,-0.5407865372709801
NIFTY,20,upper touch,blue inside,2740,-0.0005606532051950779,-0.41663767157346043
BANKNIFTY,5,lower touch,all,2872,-0.0008944638435319278,-1.6526182668250566
BANKNIFTY,5,lower touch,blue inside,2608,-0.0008178877799228084,-1.4754599802000852
BANKNIFTY,5,upper touch,all,2993,-0.0003756455846424234,-0.7783817650360726
BANKNIFTY,5,upper touch,blue inside,2699,-0.0003773142495666634,-0.7650729667846224
BANKNIFTY,10,lower touch,all,2872,-0.0004939800610071677,-0.44466236585016616
BANKNIFTY,10,lower touch,blue inside,2608,-0.0005298327093958327,-0.4633531707898045
BANKNIFTY,10,upper touch,all,2988,-0.0005473634481515006,-0.563674227117307
BANKNIFTY,10,upper touch,blue inside,2694,-0.0005143339393912058,-0.5113766747682117
BANKNIFTY,20,lower touch,all,2871,0.00015475344973886975,0.06329471187799204
BANKNIFTY,20,lower touch,blue inside,2607,-3.080754662047183e-05,-0.013554560137729122
BANKNIFTY,20,upper touch,all,2986,-0.0007795804942734931,-0.3946769469105344
BANKNIFTY,20,upper touch,blue inside,2692,-0.0005776818434322445,-0.2816156248928889
RELIANCE,5,lower touch,all,1430,-0.001893413858860544,-2.249938159584809
RELIANCE,5,lower touch,blue inside,1261,-0.001725980206365678,-1.9648524832062413
RELIANCE,5,upper touch,all,1625,-0.002140231948549768,-2.400703020371664
RELIANCE,5,upper touch,blue inside,1449,-0.0023587147987906023,-2.5235636995084776
RELIANCE,10,lower touch,all,1427,-0.0026886693363336,-1.5028370666864277
RELIANCE,10,lower touch,blue inside,1258,-0.0030136404085592916,-1.6189654946619638
RELIANCE,10,upper touch,all,1625,-0.002949024290970114,-1.6538817178804472
RELIANCE,10,upper touch,blue inside,1449,-0.0030711419392164263,-1.6904133115867865
RELIANCE,20,lower touch,all,1423,-0.003873062603024578,-0.9984655027349777
RELIANCE,20,lower touch,blue inside,1254,-0.004104098434631577,-0.991374777669407
RELIANCE,20,upper touch,all,1625,-0.0018558053839573252,-0.5251479785797581
RELIANCE,20,upper touch,blue inside,1449,-0.0018102160644907703,-0.5044265333885578
HDFCBANK,5,lower touch,all,1341,-0.0008344338974908092,-1.0040981837411371
HDFCBANK,5,lower touch,blue inside,1241,-0.0007650553034803527,-0.9766216496010914
HDFCBANK,5,upper touch,all,1571,-0.0011281360252263892,-1.4507878720171
HDFCBANK,5,upper touch,blue inside,1395,-0.000957938959687273,-1.202551559358817
HDFCBANK,10,lower touch,all,1341,-0.0015637840377062285,-0.9915942720807923
HDFCBANK,10,lower touch,blue inside,1241,-0.0016228630596796555,-1.0080141765617707
HDFCBANK,10,upper touch,all,1571,-0.0009297720376767127,-0.6379118386926854
HDFCBANK,10,upper touch,blue inside,1395,-0.0006158542795640525,-0.3959241106276836
HDFCBANK,20,lower touch,all,1340,-0.0010916836288021457,-0.29123906723248494
HDFCBANK,20,lower touch,blue inside,1240,-0.0004880658847733095,-0.1438448993390282
HDFCBANK,20,upper touch,all,1571,-0.0008871599838596431,-0.3220608709892442
HDFCBANK,20,upper touch,blue inside,1395,-0.0005871682442520846,-0.20150374719877315
ICICIBANK,5,lower touch,all,1301,0.00017343140839593102,0.1664681530718504
ICICIBANK,5,lower touch,blue inside,1156,0.00021138432153621693,0.19825420446003325
ICICIBANK,5,upper touch,all,1376,4.1481132417169635e-05,0.03789777397719573
ICICIBANK,5,upper touch,blue inside,1204,-0.00015998217076286929,-0.1388967646331391
ICICIBANK,10,lower touch,all,1301,0.00117571743789071,0.5557141228045456
ICICIBANK,10,lower touch,blue inside,1156,0.0014372467846932168,0.6395261956736786
ICICIBANK,10,upper touch,all,1372,0.001125583943420797,0.5340082831532564
ICICIBANK,10,upper touch,blue inside,1200,0.0008849231474857233,0.38806538788636946
ICICIBANK,20,lower touch,all,1301,0.004121113980890535,0.8844915750194146
ICICIBANK,20,lower touch,blue inside,1156,0.004938322365395256,1.1051350780058227
ICICIBANK,20,upper touch,all,1368,0.002917331167523537,0.8024263334487208
ICICIBANK,20,upper touch,blue inside,1196,0.0025563174798196907,0.6537591974152549
INFY,5,lower touch,all,1211,-0.0007367306228076603,-0.8452651383150629
INFY,5,lower touch,blue inside,1071,-0.0005530445708642175,-0.6195803234839803
INFY,5,upper touch,all,1688,0.00021133154262677136,0.2621217170077945
INFY,5,upper touch,blue inside,1557,-0.00018100395273525535,-0.22574597352897757
INFY,10,lower touch,all,1210,-0.0011578304753228584,-0.5979581109784644
INFY,10,lower touch,blue inside,1070,-0.0008707888211137442,-0.4590302418606556
INFY,10,upper touch,all,1688,0.001056426437460634,0.6943570173415049
INFY,10,upper touch,blue inside,1557,0.0006943189891869586,0.45210697659325105
INFY,20,lower touch,all,1206,-0.0020237321158752706,-0.49303101753632483
INFY,20,lower touch,blue inside,1066,-0.0006650587952127687,-0.17161088135678626
INFY,20,upper touch,all,1688,0.0016301390918569882,0.5667933423016591
INFY,20,upper touch,blue inside,1557,0.001288796165574713,0.4324340927088919
TCS,5,lower touch,all,1363,-4.0774159285394695e-05,-0.052395933988827845
TCS,5,lower touch,blue inside,1223,-0.0001762448781256399,-0.21983049124234677
TCS,5,upper touch,all,1565,-0.000801173394349515,-1.0679084562464114
TCS,5,upper touch,blue inside,1401,-0.0008345895805820927,-1.1249161091865103
TCS,10,lower touch,all,1362,0.0007305030998635628,0.46457503255712007
TCS,10,lower touch,blue inside,1222,0.0006257678290132281,0.39644970766568377
TCS,10,upper touch,all,1565,-0.00013234092531735773,-0.08892374568858372
TCS,10,upper touch,blue inside,1401,-0.00010555591276308568,-0.07181069496375919
TCS,20,lower touch,all,1356,0.002022228667647506,0.6531744362859416
TCS,20,lower touch,blue inside,1216,0.001961838587416085,0.5980539539472889
TCS,20,upper touch,all,1565,0.0011413945988401006,0.38912089008771406
TCS,20,upper touch,blue inside,1401,0.0015210498382916232,0.5083048285772891
ITC,5,lower touch,all,1426,0.0003064096292824216,0.4021097846155295
ITC,5,lower touch,blue inside,1303,-0.00030921485567721315,-0.4074741757787508
ITC,5,upper touch,all,1538,-0.0009671531234759957,-1.106435336849244
ITC,5,upper touch,blue inside,1365,-0.0006000488396448914,-0.6931303385067805
ITC,10,lower touch,all,1426,0.0008537186821757378,0.5782018363242144
ITC,10,lower touch,blue inside,1303,-0.00012667729484549284,-0.08593662238200099
ITC,10,upper touch,all,1538,-0.0011048501313899752,-0.6672917683114282
ITC,10,upper touch,blue inside,1365,-0.0005582013814985795,-0.3371063207697227
ITC,20,lower touch,all,1424,8.593324624374141e-05,0.029121730317262864
ITC,20,lower touch,blue inside,1301,-0.0011208645217836307,-0.36601515195982526
ITC,20,upper touch,all,1538,-0.0002872298168705111,-0.0840732429423728
ITC,20,upper touch,blue inside,1365,0.0007111189830033124,0.1970986908678732
LT,5,lower touch,all,1363,-0.0005503274547682648,-0.6027752349371575
LT,5,lower touch,blue inside,1217,-0.00011895156602134472,-0.12996451170748324
LT,5,upper touch,all,1337,-0.000994406167727128,-1.0082298755005163
LT,5,upper touch,blue inside,1211,-0.0007399871346960946,-0.7484308089868883
LT,10,lower touch,all,1363,-0.00018472804503095222,-0.09992649759017934
LT,10,lower touch,blue inside,1217,0.00024291889330443783,0.1348006897732428
LT,10,upper touch,all,1337,-0.0005506318705908758,-0.302909634760084
LT,10,upper touch,blue inside,1211,-0.0002772603456514,-0.15287395185301783
LT,20,lower touch,all,1357,0.0012855967139942628,0.31708864941964165
LT,20,lower touch,blue inside,1211,0.0022745140105166328,0.6501844943734639
LT,20,upper touch,all,1337,-0.0008648923407736917,-0.25144205441880063
LT,20,upper touch,blue inside,1211,-0.0006268188094301291,-0.1745386261519092
AXISBANK,5,lower touch,all,1441,-0.0002667580318512069,-0.23247609549765064
AXISBANK,5,lower touch,blue inside,1275,0.0005767538829061378,0.49883729594705334
AXISBANK,5,upper touch,all,1514,1.155130291192342e-06,0.0011589323695212043
AXISBANK,5,upper touch,blue inside,1377,5.978364310862859e-05,0.05743602213682797
AXISBANK,10,lower touch,all,1441,0.00014694061508551347,0.06216514546001843
AXISBANK,10,lower touch,blue inside,1275,0.001615434593660748,0.6796179918799046
AXISBANK,10,upper touch,all,1514,0.00029083569377101864,0.1496532605055584
AXISBANK,10,upper touch,blue inside,1377,0.00040058542466263786,0.19661426284224343
AXISBANK,20,lower touch,all,1441,0.0013015384290919702,0.23928655248337627
AXISBANK,20,lower touch,blue inside,1275,0.003672957404272368,0.7997803852116697
AXISBANK,20,upper touch,all,1511,0.0011691430673579405,0.32322625042188824
AXISBANK,20,upper touch,blue inside,1374,0.001418079468817825,0.3681440984141363
KOTAKBANK,5,lower touch,all,1289,0.001223510766323883,1.195041950424374
KOTAKBANK,5,lower touch,blue inside,1194,0.0012922541119899339,1.253335234514289
KOTAKBANK,5,upper touch,all,1614,0.0008452258998424527,0.9978979972486174
KOTAKBANK,5,upper touch,blue inside,1398,0.0012139295369741482,1.4078455033305426
KOTAKBANK,10,lower touch,all,1289,0.002004711988745812,1.0375054390051615
KOTAKBANK,10,lower touch,blue inside,1194,0.0019525762153571435,1.0145150199067872
KOTAKBANK,10,upper touch,all,1610,0.0012745600561722466,0.8106394283428676
KOTAKBANK,10,upper touch,blue inside,1394,0.0015834596560062363,0.9675857185559112
KOTAKBANK,20,lower touch,all,1288,0.0010872203697275494,0.2663807198405388
KOTAKBANK,20,lower touch,blue inside,1193,0.0009693231968112678,0.2577933237982143
KOTAKBANK,20,upper touch,all,1607,0.0019225254764368056,0.6443980035188908
KOTAKBANK,20,upper touch,blue inside,1391,0.002248245772915843,0.697428554044062
BHARTIARTL,5,lower touch,all,1557,0.0012112437559132023,1.267350421760492
BHARTIARTL,5,lower touch,blue inside,1410,0.0008722523865115246,0.8991731889332284
BHARTIARTL,5,upper touch,all,1494,-0.00022716587751615933,-0.2210289743124686
BHARTIARTL,5,upper touch,blue inside,1328,-0.0003401213319239364,-0.3128226648423294
BHARTIARTL,10,lower touch,all,1557,0.0023448102441966704,1.2780390750199613
BHARTIARTL,10,lower touch,blue inside,1410,0.0016793646502403694,0.8813046643366836
BHARTIARTL,10,upper touch,all,1494,0.0009115028564755497,0.4699638304028929
BHARTIARTL,10,upper touch,blue inside,1328,0.0004714950290351129,0.23122395131929607
BHARTIARTL,20,lower touch,all,1552,0.0033845427850555552,0.8587392850873582
BHARTIARTL,20,lower touch,blue inside,1405,0.0028077477732411315,0.6975730747544395
BHARTIARTL,20,upper touch,all,1494,0.0016835186311505359,0.4288741087148708
BHARTIARTL,20,upper touch,blue inside,1328,0.0016777177550229092,0.39639976374068436
SBIN,5,lower touch,all,1383,-0.0002699721567480073,-0.2651166143261672
SBIN,5,lower touch,blue inside,1190,-0.00042882295345772774,-0.40370543052600194
SBIN,5,upper touch,all,1554,-0.0010097351779920782,-0.7824867072459986
SBIN,5,upper touch,blue inside,1344,-0.0008862772227400332,-0.6375486512709029
SBIN,10,lower touch,all,1383,0.00014743841492058344,0.07393676561219639
SBIN,10,lower touch,blue inside,1190,-0.0002863956218332804,-0.13610447244673016
SBIN,10,upper touch,all,1551,-0.00027286021195900854,-0.11598741296043677
SBIN,10,upper touch,blue inside,1341,0.00024462689750838105,0.09738931844221704
SBIN,20,lower touch,all,1383,0.0008246774145678703,0.16880735503214306
SBIN,20,lower touch,blue inside,1190,0.0010851662379456237,0.21589133238727648
SBIN,20,upper touch,all,1549,-0.0003920820243385595,-0.08715304716145818
SBIN,20,upper touch,blue inside,1339,0.0003702626380680074,0.07623926553179913
MARUTI,5,lower touch,all,1497,-0.0019413667062900461,-2.208059514639241
MARUTI,5,lower touch,blue inside,1347,-0.0017024422873333667,-1.9054596419475271
MARUTI,5,upper touch,all,1569,-0.0011291072771248917,-1.3913830013590607
MARUTI,5,upper touch,blue inside,1401,-0.0011203496842070353,-1.2889440392070919
MARUTI,10,lower touch,all,1495,-0.0017893113694566402,-0.9518163011174399
MARUTI,10,lower touch,blue inside,1345,-0.0015517437365638665,-0.811781684466008
MARUTI,10,upper touch,all,1569,-0.0005399422145972997,-0.3237843863112232
MARUTI,10,upper touch,blue inside,1401,-0.0007814821684935857,-0.4315724571504127
MARUTI,20,lower touch,all,1490,-0.0010347259476966755,-0.2386814831664203
MARUTI,20,lower touch,blue inside,1340,-0.0002450336556988395,-0.05840370950574944
MARUTI,20,upper touch,all,1569,-0.0009503848142984989,-0.30195879101333223
MARUTI,20,upper touch,blue inside,1401,-0.0011129253581081263,-0.32669037101689846
HINDUNILVR,5,lower touch,all,1322,0.0004617212976874023,0.6211872066028723
HINDUNILVR,5,lower touch,blue inside,1182,-3.870119610686273e-05,-0.051490738491014224
HINDUNILVR,5,upper touch,all,1605,0.0007170072357826969,0.9871570156617839
HINDUNILVR,5,upper touch,blue inside,1422,0.0008620530522539512,1.0935787666407826
HINDUNILVR,10,lower touch,all,1320,0.0014097653806083746,0.8382231313522666
HINDUNILVR,10,lower touch,blue inside,1180,0.000245703323037663,0.14725138631166482
HINDUNILVR,10,upper touch,all,1605,0.0015552642514060529,1.151289999599933
HINDUNILVR,10,upper touch,blue inside,1422,0.0017570927515647788,1.1924082679655175
HINDUNILVR,20,lower touch,all,1314,0.0010964679619749926,0.3728951237133839
HINDUNILVR,20,lower touch,blue inside,1174,-0.00011848909295982313,-0.03907652899681618
HINDUNILVR,20,upper touch,all,1605,0.00037497767516060367,0.14386041558811297
HINDUNILVR,20,upper touch,blue inside,1422,0.00044351239416769704,0.15506804209695466
ASIANPAINT,5,lower touch,all,1276,-0.0003523047450339253,-0.3563460792207847
ASIANPAINT,5,lower touch,blue inside,1190,-0.0005688459058190748,-0.5795594734252492
ASIANPAINT,5,upper touch,all,1643,0.000240077077427383,0.3155921333624536
ASIANPAINT,5,upper touch,blue inside,1491,0.00030445571214995833,0.3846964625152917
ASIANPAINT,10,lower touch,all,1276,-0.0004612721013547631,-0.2407341177361288
ASIANPAINT,10,lower touch,blue inside,1190,-0.0008860059994539598,-0.46469884527494026
ASIANPAINT,10,upper touch,all,1642,0.0005834910057159212,0.3837942371270457
ASIANPAINT,10,upper touch,blue inside,1490,0.0006018042072532045,0.37043750600409125
ASIANPAINT,20,lower touch,all,1276,-0.0007947115512293599,-0.21996306271849506
ASIANPAINT,20,lower touch,blue inside,1190,-0.0013025713658782994,-0.34459995972624846
ASIANPAINT,20,upper touch,all,1642,0.0002531274570863648,0.08382067372802515
ASIANPAINT,20,upper touch,blue inside,1490,0.0006415189967413531,0.19799466002971816
BAJFINANCE,5,lower touch,all,1302,-8.061157916675583e-05,-0.05577383825715502
BAJFINANCE,5,lower touch,blue inside,1128,0.0005564236061177392,0.40002781561363776
BAJFINANCE,5,upper touch,all,1351,-0.0012806464506318058,-1.0189231767480162
BAJFINANCE,5,upper touch,blue inside,1182,-0.0012155176327016703,-0.9210180214774953
BAJFINANCE,10,lower touch,all,1301,0.0011692130767377389,0.4169121627661556
BAJFINANCE,10,lower touch,blue inside,1127,0.002420855594929601,0.8886457096076043
BAJFINANCE,10,upper touch,all,1351,-0.0012026449076006666,-0.4540927190066298
BAJFINANCE,10,upper touch,blue inside,1182,-0.0008700649057468916,-0.3182464037046684
BAJFINANCE,20,lower touch,all,1298,0.00149956221757373,0.2548461150068617
BAJFINANCE,20,lower touch,blue inside,1124,0.0037323375478817665,0.7122840271188196
BAJFINANCE,20,upper touch,all,1351,-0.0017948470819605727,-0.33712534792586013
BAJFINANCE,20,upper touch,blue inside,1182,-0.0019119343282710012,-0.3484838244870213
