inst,group,year,sharpe,ret
NIFTY,NSE 1h,2010,-1.9043339935891102,-0.18606039319923712
NIFTY,NSE 1h,2011,-3.399654296393978,-0.5194180562975506
NIFTY,NSE 1h,2012,-1.6454215537834704,-0.16304345459700126
NIFTY,NSE 1h,2013,-3.4678584621074435,-0.40567305873383386
NIFTY,NSE 1h,2014,-2.8365960727616155,-0.27391215846332906
NIFTY,NSE 1h,2015,-3.450762706105184,-0.37085851091033617
NIFTY,NSE 1h,2016,-3.4793947802300518,-0.3262373523896103
NIFTY,NSE 1h,2017,-2.955118508716173,-0.18177333551669872
NIFTY,NSE 1h,2018,-3.0682377571588106,-0.2631281922233656
NIFTY,NSE 1h,2019,-2.6596265829632575,-0.23701358091080924
NIFTY,NSE 1h,2020,-1.789971865061964,-0.2613033764097161
NIFTY,NSE 1h,2021,-2.049475796974325,-0.20541944308400512
NIFTY,NSE 1h,2022,-2.7706921088536247,-0.3446739749352886
NIFTY,NSE 1h,2023,-0.8756779674871836,-0.013731551137896345
BANKNIFTY,NSE 1h,2010,-3.3059627595157335,-0.34051354970577763
BANKNIFTY,NSE 1h,2011,-3.523377262860945,-0.6572957126806571
BANKNIFTY,NSE 1h,2012,-2.5328992982120866,-0.386425871064556
BANKNIFTY,NSE 1h,2013,-3.5384501395954087,-0.6430019655398022
BANKNIFTY,NSE 1h,2014,-2.240943784297575,-0.3796843797936753
BANKNIFTY,NSE 1h,2015,-2.6815091870352648,-0.4014758047844036
BANKNIFTY,NSE 1h,2016,-2.606209609043914,-0.3834142196621761
BANKNIFTY,NSE 1h,2017,-2.390680749634123,-0.21483094643757705
BANKNIFTY,NSE 1h,2018,-1.2315806383633565,-0.1304290130742765
BANKNIFTY,NSE 1h,2019,-2.1783452827000005,-0.2725500209896846
BANKNIFTY,NSE 1h,2020,-2.556198428562033,-0.7187982652656155
BANKNIFTY,NSE 1h,2021,-1.349962925860958,-0.21051846412775713
BANKNIFTY,NSE 1h,2022,-1.5226383714175986,-0.22427264074821102
BANKNIFTY,NSE 1h,2023,-2.5705376330398564,-0.04742708792438997
RELIANCE,NSE 1h,2017,-3.802005570750198,-0.5345562426616259
RELIANCE,NSE 1h,2018,-3.847609171683647,-0.6962064948819578
RELIANCE,NSE 1h,2019,-2.1504790314092546,-0.414016789503859
RELIANCE,NSE 1h,2020,-2.6834326440113414,-0.7581976500881674
RELIANCE,NSE 1h,2021,-2.161309842801088,-0.3870537809338016
RELIANCE,NSE 1h,2022,-2.914224080597512,-0.5307621764626619
RELIANCE,NSE 1h,2023,-1.504329089655946,-0.03378592717688095
HDFCBANK,NSE 1h,2017,-0.2748973416275102,-0.025119322256526376
HDFCBANK,NSE 1h,2018,-0.5875774439541349,-0.07477138763206914
HDFCBANK,NSE 1h,2019,-0.589074567224134,-0.0785265250798699
HDFCBANK,NSE 1h,2020,-0.894639669681162,-0.22133550473698094
HDFCBANK,NSE 1h,2021,-0.6274119399069377,-0.10123468935392174
HDFCBANK,NSE 1h,2022,-2.551138207130689,-0.5735984530319673
HDFCBANK,NSE 1h,2023,-2.443718694256354,-0.06131644706487795
ICICIBANK,NSE 1h,2017,-1.3550928159549722,-0.11776709505868872
ICICIBANK,NSE 1h,2018,-0.7016219549744376,-0.1523404950713161
ICICIBANK,NSE 1h,2019,-0.22854073667833769,-0.04347618695611209
ICICIBANK,NSE 1h,2020,-0.9928081479026151,-0.30102705759857123
ICICIBANK,NSE 1h,2021,-1.2711349084614847,-0.2702432867568843
ICICIBANK,NSE 1h,2022,-0.7750307353859108,-0.13790593713442062
ICICIBANK,NSE 1h,2023,-1.2930455420987554,-0.035722219091839084
INFY,NSE 1h,2017,-0.42717772027831635,-0.05722845961871867
INFY,NSE 1h,2018,-0.8367495686365911,-0.14523267691560393
INFY,NSE 1h,2019,-1.1627602348824067,-0.2355409546315686
INFY,NSE 1h,2020,-0.654338864211258,-0.1684259238007233
INFY,NSE 1h,2021,-1.3562593245517176,-0.2144953990893935
INFY,NSE 1h,2022,-2.7921778442757286,-0.5194534901324911
INFY,NSE 1h,2023,-1.392931893548473,-0.0327698125752702
TCS,NSE 1h,2017,-0.18398158881378304,-0.022427949693029293
TCS,NSE 1h,2018,-1.5615845498727088,-0.2764430279580267
TCS,NSE 1h,2019,-1.7213287252645049,-0.2719761166647742
TCS,NSE 1h,2020,-0.46118503276029965,-0.10646781679280765
TCS,NSE 1h,2021,-1.9321830568695897,-0.2656709052727003
TCS,NSE 1h,2022,-2.3734238369717073,-0.3908509346665371
TCS,NSE 1h,2023,0.5192281223595373,0.010571433352664365
ITC,NSE 1h,2017,-0.6400658726573932,-0.10922283734354066
ITC,NSE 1h,2018,-0.7984647686887453,-0.11373637893752184
ITC,NSE 1h,2019,0.4289712295106615,0.06409557724429876
ITC,NSE 1h,2020,-2.562108413468765,-0.6805802779321624
ITC,NSE 1h,2021,-3.661780371327768,-0.6905068726735049
ITC,NSE 1h,2022,-1.8130352475380447,-0.291565030649486
ITC,NSE 1h,2023,1.623545891735838,0.033461684272119666
LT,NSE 1h,2017,0.732532251060786,0.03827514562080059
LT,NSE 1h,2018,-0.9111672531451991,-0.15030114069624695
LT,NSE 1h,2019,-0.9012080370976611,-0.1674792648030039
LT,NSE 1h,2020,-1.9509682072685113,-0.4677289336145317
LT,NSE 1h,2021,-0.6654056024856244,-0.1317724645228125
LT,NSE 1h,2022,-1.5297619973649896,-0.2711507903225939
LT,NSE 1h,2023,-3.61117219983632,-0.10245878515630708
AXISBANK,NSE 1h,2017,-0.5108620797333995,-0.08162813499853556
AXISBANK,NSE 1h,2018,0.16146678516715998,0.03567353002918945
AXISBANK,NSE 1h,2019,-0.22782227292320548,-0.043300369190644776
AXISBANK,NSE 1h,2020,-1.1268888173277098,-0.376257732326735
AXISBANK,NSE 1h,2021,-0.8012808825676174,-0.17241975630790893
AXISBANK,NSE 1h,2022,-2.9329505053999854,-0.5681597210297796
AXISBANK,NSE 1h,2023,-1.1867307905408937,-0.030853405777902174
KOTAKBANK,NSE 1h,2017,0.14429241987013364,0.016499971391555488
KOTAKBANK,NSE 1h,2018,-0.22826716896884727,-0.0404875549253704
KOTAKBANK,NSE 1h,2019,-0.13355800397853623,-0.02203105768977838
KOTAKBANK,NSE 1h,2020,-1.3328247587019189,-0.41105264454840484
KOTAKBANK,NSE 1h,2021,-1.2036107890824472,-0.22573475054674144
KOTAKBANK,NSE 1h,2022,0.5289769051834897,0.09475547055154768
KOTAKBANK,NSE 1h,2023,-1.2527862213802077,-0.026184051917062374
BHARTIARTL,NSE 1h,2017,-0.9079296429108026,-0.18996420589415575
BHARTIARTL,NSE 1h,2018,-0.43381255798700064,-0.11210773681519752
BHARTIARTL,NSE 1h,2019,0.14586007669672227,0.04015068317997714
BHARTIARTL,NSE 1h,2020,-1.0367618514853407,-0.257494557662154
BHARTIARTL,NSE 1h,2021,-0.8881361818872595,-0.16785369220756896
BHARTIARTL,NSE 1h,2022,0.77123656681226,0.1252188971841816
BHARTIARTL,NSE 1h,2023,2.02190463083777,0.05174698214162091
SBIN,NSE 1h,2017,-1.4192954649901575,-0.3397721444188567
SBIN,NSE 1h,2018,-2.0288776635234127,-0.45773035443280274
SBIN,NSE 1h,2019,-2.2138025455287162,-0.5040751717768277
SBIN,NSE 1h,2020,-1.9873505659373507,-0.5443348836687645
SBIN,NSE 1h,2021,-1.3877996517626188,-0.3485826832701432
SBIN,NSE 1h,2022,-0.2750270473878833,-0.04836696368729353
SBIN,NSE 1h,2023,-3.590723239152915,-0.09220761727691668
MARUTI,NSE 1h,2017,-2.219954386479163,-0.2446042768982381
MARUTI,NSE 1h,2018,-2.1141605749359864,-0.34291293579380017
MARUTI,NSE 1h,2019,-2.722334400141088,-0.6030472932847758
MARUTI,NSE 1h,2020,-1.0760524890650498,-0.28595519547987786
MARUTI,NSE 1h,2021,-1.9419853071527324,-0.37112847065998034
MARUTI,NSE 1h,2022,-1.6013523989780802,-0.3036622361821264
MARUTI,NSE 1h,2023,2.7674738766624185,0.04486536711296743
HINDUNILVR,NSE 1h,2017,0.5124923821185351,0.06313810609562125
HINDUNILVR,NSE 1h,2018,0.8723088194781099,0.12704776964299017
HINDUNILVR,NSE 1h,2019,-0.6600838638487303,-0.0963892218562085
HINDUNILVR,NSE 1h,2020,0.012647131164602261,0.0024795871084579146
HINDUNILVR,NSE 1h,2021,0.10284886528673459,0.013922545529615398
HINDUNILVR,NSE 1h,2022,-2.151708170751888,-0.3626688414133683
HINDUNILVR,NSE 1h,2023,1.3779350278504412,0.02874519794921703
ASIANPAINT,NSE 1h,2017,0.8899272424495963,0.12006747353933166
ASIANPAINT,NSE 1h,2018,0.7610282235710669,0.12374879819938409
ASIANPAINT,NSE 1h,2019,-0.7615768910129949,-0.1233540337273069
ASIANPAINT,NSE 1h,2020,-0.9734180460676549,-0.22558911670985782
ASIANPAINT,NSE 1h,2021,-1.2413049037696127,-0.24879825855108267
ASIANPAINT,NSE 1h,2022,-2.1555601285309876,-0.4444500745314715
ASIANPAINT,NSE 1h,2023,-2.405214138875646,-0.06293573773539658
BAJFINANCE,NSE 1h,2017,-0.41662167591738175,-0.013295047759978926
BAJFINANCE,NSE 1h,2018,-1.2910825420416494,-0.3268319275699766
BAJFINANCE,NSE 1h,2019,-0.5221545979101764,-0.106258687654642
BAJFINANCE,NSE 1h,2020,-2.1114708087535647,-0.6894650525771516
BAJFINANCE,NSE 1h,2021,-1.8041149827123677,-0.4029798108700645
BAJFINANCE,NSE 1h,2022,-2.1486967839778925,-0.49930045171920134
BAJFINANCE,NSE 1h,2023,-4.258790077111278,-0.17035136558812697
SP500,US daily,1999,,0.0
SP500,US daily,2000,0.09910709824221903,0.008886989706120516
SP500,US daily,2001,-0.7646058811991473,-0.11520292769535441
SP500,US daily,2002,-0.6718895057154479,-0.13103612577553014
SP500,US daily,2003,-0.04185756093874884,-0.005085931447430199
SP500,US daily,2004,-0.7012866167079747,-0.053518301259213696
SP500,US daily,2005,0.1618164069784846,0.010972389204261149
SP500,US daily,2006,1.1029637614784344,0.07309497408698565
SP500,US daily,2007,0.31794431330119377,0.034531495363972986
SP500,US daily,2008,-0.8115788207621919,-0.23268822761514368
SP500,US daily,2009,-0.16621514025051887,-0.03274179230728928
SP500,US daily,2010,-1.1257560376178015,-0.14930508720696523
SP500,US daily,2011,-0.07452433570681698,-0.012287800777030525
SP500,US daily,2012,-0.30677118304905054,-0.027060975148134804
SP500,US daily,2013,-0.5256399027152705,-0.04285876909993113
SP500,US daily,2014,-0.0835707391974777,-0.006820247494275615
SP500,US daily,2015,1.0408127163954197,0.10480313832246226
SP500,US daily,2016,-0.6392647478008884,-0.056864217684797505
SP500,US daily,2017,-1.1893360929154355,-0.056787483237512516
SP500,US daily,2018,-0.06484188562699421,-0.006354126822961215
NASDAQ,US daily,1999,,0.0
NASDAQ,US daily,2000,-0.3237429195647444,-0.08706584392413286
NASDAQ,US daily,2001,-1.2746260412283084,-0.4533301859276935
NASDAQ,US daily,2002,0.014826564145918342,0.0038555790363525473
NASDAQ,US daily,2003,-0.5410080642632831,-0.07416266657699176
NASDAQ,US daily,2004,-1.0546440239876527,-0.13596065164355065
NASDAQ,US daily,2005,-1.1232804338830122,-0.10508901837795873
NASDAQ,US daily,2006,0.3715263430188104,0.03650850397143092
NASDAQ,US daily,2007,0.3679727329543391,0.04330512145145308
NASDAQ,US daily,2008,-1.029098029995122,-0.2960363514151859
NASDAQ,US daily,2009,0.01669873038753801,0.0036684657690973614
NASDAQ,US daily,2010,-1.477013774171787,-0.201899176051757
NASDAQ,US daily,2011,-0.5501627284601679,-0.09882674663309801
NASDAQ,US daily,2012,-0.9412152143214064,-0.10192895347143702
NASDAQ,US daily,2013,-0.08148265617828405,-0.0064457790708789126
NASDAQ,US daily,2014,0.2808069289667929,0.027360704165316208
NASDAQ,US daily,2015,1.2025564108583457,0.12844474560980546
NASDAQ,US daily,2016,-0.6630676842849096,-0.07252362445198912
NASDAQ,US daily,2017,-0.9330360135770275,-0.06043928751801912
NASDAQ,US daily,2018,-0.625776788628032,-0.08456781539752248
GOOG,US daily,2005,,0.0
GOOG,US daily,2006,-1.4705439004362386,-0.26413996351111224
GOOG,US daily,2007,-1.0236201088121455,-0.1673142403014511
GOOG,US daily,2008,-0.8870926727665229,-0.3600256967446246
GOOG,US daily,2009,-0.5958748238276498,-0.137922799947611
GOOG,US daily,2010,-1.8720461994423316,-0.40823201782534535
GOOG,US daily,2011,-0.6451798106266611,-0.1497199930932885
GOOG,US daily,2012,-1.6365001574165592,-0.2560460417143423
EURUSD,US daily,2017,-1.1448108087734854,-0.19853421600310567
EURUSD,US daily,2018,-1.4451540400818728,-0.04357240818676543
NIFTY50,NSE daily,2012,,0.0
NIFTY50,NSE daily,2013,0.18229501342159407,0.008630137699811663
NIFTY50,NSE daily,2014,-2.305236681600383,-0.18684435948335104
NIFTY50,NSE daily,2015,-0.3443615250619948,-0.04025338331518255
NIFTY50,NSE daily,2016,-0.7052585077724313,-0.07614052059950259
NIFTY50,NSE daily,2017,-1.083983595229116,-0.0707686807406813
NIFTY50,NSE daily,2018,-0.5253759492642127,-0.04664747651774749
NIFTY50,NSE daily,2019,0.4145105008660817,0.0366425018365687
NIFTY50,NSE daily,2020,-1.3822228020014322,-0.37448208587503656
NIFTY50,NSE daily,2021,-0.006776986715365105,-0.0006917910323606807
NIFTY50,NSE daily,2022,-0.03604592133275751,-0.0035524375335098946
NIFTY50,NSE daily,2023,-1.5146783178319296,-0.11400413191381666
NIFTY50,NSE daily,2024,1.4626218490239584,0.10825391882896135
NIFTY50,NSE daily,2025,1.9368696600106736,0.10878990577834027
BANKNIFTY,NSE daily,2012,,0.0
BANKNIFTY,NSE daily,2013,0.005007906728700833,0.0003859352777364593
BANKNIFTY,NSE daily,2014,-2.578471746677128,-0.409093428610208
BANKNIFTY,NSE daily,2015,1.3649668924052447,0.19986949030943751
BANKNIFTY,NSE daily,2016,-0.6952317142192631,-0.10679694101626713
BANKNIFTY,NSE daily,2017,-1.4006335576507325,-0.1355442070702104
BANKNIFTY,NSE daily,2018,-0.6149414203326746,-0.06934137299409737
BANKNIFTY,NSE daily,2019,-1.0141118957414061,-0.13184541113450865
BANKNIFTY,NSE daily,2020,-0.9780676843118189,-0.3438833731297519
BANKNIFTY,NSE daily,2021,-0.42351039446674515,-0.06974114343373011
BANKNIFTY,NSE daily,2022,-0.6422407298593793,-0.09735262993224261
BANKNIFTY,NSE daily,2023,-0.3540032521287011,-0.0353871017337697
BANKNIFTY,NSE daily,2024,1.021263759158191,0.11831780261619723
BANKNIFTY,NSE daily,2025,-1.229923506327207,-0.11075104639946542
RELIANCE,NSE daily,1998,,0.0
RELIANCE,NSE daily,1999,1.1910449284496565,0.2598112995195419
RELIANCE,NSE daily,2000,-1.348780799373685,-0.500461363123821
RELIANCE,NSE daily,2001,-0.4820794433397589,-0.16968595225213137
RELIANCE,NSE daily,2002,0.9230085326893134,0.2123999815738623
RELIANCE,NSE daily,2003,0.3523234551004966,0.07478857443765174
RELIANCE,NSE daily,2004,1.2648570530305663,0.39183329843963355
RELIANCE,NSE daily,2005,-0.33129277608089563,-0.06161707954409875
RELIANCE,NSE daily,2006,-1.4005028531822061,-0.4512565047675636
RELIANCE,NSE daily,2007,-1.5050425637347125,-0.3330985195524291
RELIANCE,NSE daily,2008,-0.3279985036465906,-0.1438520261093686
RELIANCE,NSE daily,2009,-0.486465033098319,-0.1742584651033469
RELIANCE,NSE daily,2010,0.8081241555090353,0.15450419103841698
RELIANCE,NSE daily,2011,-0.37042053077952936,-0.08352986401099356
RELIANCE,NSE daily,2012,-0.45656931361261904,-0.08681646711589067
RELIANCE,NSE daily,2013,1.5171705896275238,0.2741748332113151
RELIANCE,NSE daily,2014,-1.4336105733235485,-0.2538000553615939
RELIANCE,NSE daily,2015,-0.36000512392105044,-0.07184637212893599
RELIANCE,NSE daily,2016,-0.35767675151619416,-0.05521631487868052
RELIANCE,NSE daily,2017,-1.0387509605107574,-0.19667259147305455
RELIANCE,NSE daily,2018,-0.0842683325863173,-0.016159541792112205
RELIANCE,NSE daily,2019,-1.3466830675640147,-0.24898069162843975
RELIANCE,NSE daily,2020,-0.8555615821752582,-0.34245297143265346
RELIANCE,NSE daily,2021,-0.7489966592548235,-0.13828274567484228
RELIANCE,NSE daily,2022,0.6740523582614582,0.134201788720199
RELIANCE,NSE daily,2023,-1.304491001154062,-0.16723128565039286
RELIANCE,NSE daily,2024,-0.6404077220709918,-0.09655559085370213
RELIANCE,NSE daily,2025,-0.16596755312712655,-0.023265889945684737
INFY,NSE daily,2005,,0.0
INFY,NSE daily,2006,0.4568123564103185,0.10836948490523508
INFY,NSE daily,2007,1.3843151373013476,0.34757092972641646
INFY,NSE daily,2008,0.4673492047942311,0.16031773720808537
INFY,NSE daily,2009,-0.002129087552429444,-0.0006405388523230832
INFY,NSE daily,2010,0.9872279180787884,0.14819592498690976
INFY,NSE daily,2011,-0.9727897293089897,-0.19614892383942026
INFY,NSE daily,2012,-0.3802287195998178,-0.08064014562590356
INFY,NSE daily,2013,-1.5350217839040217,-0.44463264870738634
INFY,NSE daily,2014,0.287397766722413,0.04849345694558851
INFY,NSE daily,2015,-0.14830235258413071,-0.029642457852195596
INFY,NSE daily,2016,0.14743067665065832,0.021445857691047815
INFY,NSE daily,2017,0.4809422650095834,0.0844047061352923
INFY,NSE daily,2018,1.2093451792989922,0.21106151183556204
INFY,NSE daily,2019,0.30326692837697133,0.06154496606374267
INFY,NSE daily,2020,-1.3637967113189502,-0.44512413284788793
INFY,NSE daily,2021,-1.1049013023772083,-0.16910451298543924
INFY,NSE daily,2022,-1.0767614140806452,-0.18863048092206713
INFY,NSE daily,2023,-1.0884462549109042,-0.1918865081670036
INFY,NSE daily,2024,-0.5111486384292036,-0.08522790623513624
INFY,NSE daily,2025,-0.9993361057146056,-0.1668926312424627
ITC,NSE daily,2006,,0.0
ITC,NSE daily,2007,0.635279943194833,0.12898966516463373
ITC,NSE daily,2008,1.4619481342198726,0.4298391375906338
ITC,NSE daily,2009,0.27530840770032766,0.06533979069408136
ITC,NSE daily,2010,1.8446352840156353,0.3065835421428493
ITC,NSE daily,2011,0.6496924343715206,0.09408961176910945
ITC,NSE daily,2012,0.8105136893124908,0.13560385735912617
ITC,NSE daily,2013,-0.13068885664160984,-0.024434591264503078
ITC,NSE daily,2014,0.23974920333152433,0.03174111223629512
ITC,NSE daily,2015,0.3331509878561014,0.0547342839242226
ITC,NSE daily,2016,1.0032890294372065,0.1741562711212421
ITC,NSE daily,2017,-0.6484261207475203,-0.12303956635706469
ITC,NSE daily,2018,-0.266534831479926,-0.04333343529640692
ITC,NSE daily,2019,-0.2683188656177754,-0.03737916467299722
ITC,NSE daily,2020,-1.225395766517044,-0.3588398693794995
ITC,NSE daily,2021,0.23967582359303807,0.038394356545047546
ITC,NSE daily,2022,-0.5138400229880485,-0.07931098253004923
ITC,NSE daily,2023,-0.1392278736363914,-0.020275929814426358
ITC,NSE daily,2024,-0.06935738128000182,-0.01016391914866984
ITC,NSE daily,2025,0.9518498014491742,0.10251869684555867
HDFCBANK,NSE daily,1996,,0.0
HDFCBANK,NSE daily,1997,-0.6636189759259014,-0.17468954259391936
HDFCBANK,NSE daily,1998,0.6611845086773998,0.22548863550331932
HDFCBANK,NSE daily,1999,-1.2156252175258078,-0.5550876866552712
HDFCBANK,NSE daily,2000,1.7573108473095798,0.5698003201029086
HDFCBANK,NSE daily,2001,1.0074874102417077,0.3076884963548026
HDFCBANK,NSE daily,2002,1.3540343381355378,0.2525773929406995
HDFCBANK,NSE daily,2003,0.3186385050783836,0.08487091607539672
HDFCBANK,NSE daily,2004,0.9380477918138183,0.3657978100485234
HDFCBANK,NSE daily,2005,1.0298874836636986,0.24339450711388028
HDFCBANK,NSE daily,2006,1.0556859092196664,0.3196500611671586
HDFCBANK,NSE daily,2007,0.22507542312587275,0.06479173000650272
HDFCBANK,NSE daily,2008,1.5958084061410602,0.6871088945006963
HDFCBANK,NSE daily,2009,-0.7870598378140183,-0.22232799901758143
HDFCBANK,NSE daily,2010,-0.3338029710941699,-0.060478415413201835
HDFCBANK,NSE daily,2011,0.7592547726063347,0.13984110513754647
HDFCBANK,NSE daily,2012,-0.8653534177995694,-0.1455886047191379
HDFCBANK,NSE daily,2013,0.4608194301465963,0.0761756366202929
HDFCBANK,NSE daily,2014,-0.3585493164900604,-0.05113891479217767
HDFCBANK,NSE daily,2015,-0.25798841657108645,-0.036215280403918096
HDFCBANK,NSE daily,2016,0.4904558304731996,0.05815582977269611
HDFCBANK,NSE daily,2017,-2.120111793034808,-0.22952067792166114
HDFCBANK,NSE daily,2018,-0.44391509489317715,-0.04834844898584962
HDFCBANK,NSE daily,2019,0.6796398387331116,0.09111387007757321
HDFCBANK,NSE daily,2020,-0.6067871501998814,-0.18958346200024756
HDFCBANK,NSE daily,2021,0.4124765613598075,0.06334279453897032
HDFCBANK,NSE daily,2022,0.5694029713721499,0.10513872585517225
HDFCBANK,NSE daily,2023,-0.36458088247454373,-0.04232742619781486
HDFCBANK,NSE daily,2024,-0.9259326129786511,-0.13773266188194971
HDFCBANK,NSE daily,2025,0.46598616236513835,0.0459693089423621
